repo_name,stars,total_code_bytes,qualified_languages,url,description
Theano/Theano,9985,8774810,"{'Python': 0.9384, 'C/C++': 0.05}",https://github.com/Theano/Theano,"Theano was a Python library that allows you to define, optimize, and evaluate mathematical expressions involving multi-dimensional arrays efficiently. It is being continued as PyTensor: www.github.com/pymc-devs/pytensor"
JingMatrix/LSPosed,9938,1492655,"{'Java': 0.7392, 'C/C++': 0.1966}",https://github.com/JingMatrix/LSPosed,LSPosed Framework resuscitated
happydog-intj/JsBridge,9927,71362,"{'Java': 0.7197, 'JavaScript/TypeScript': 0.1252}",https://github.com/happydog-intj/JsBridge,"android java and javascript bridge, inspired by wechat webview jsbridge"
helloqingfeng/Awsome-Front-End-learning-resource,9907,996296,"{'PHP': 0.591, 'JavaScript/TypeScript': 0.371}",https://github.com/helloqingfeng/Awsome-Front-End-learning-resource,:octocat:GitHub最全的前端资源汇总仓库（包括前端学习、开发资源、求职面试等）
openvinotoolkit/openvino,9854,94191890,"{'C/C++': 0.9074, 'Python': 0.0814}",https://github.com/openvinotoolkit/openvino,OpenVINO™ is an open source toolkit for optimizing and deploying AI inference
facebookresearch/pytorch3d,9820,5230408,"{'Python': 0.8093, 'C/C++': 0.1113}",https://github.com/facebookresearch/pytorch3d,PyTorch3D is FAIR's library of reusable components for deep learning with 3D data
kyutai-labs/moshi,9808,1389165,"{'Python': 0.5137, 'Rust': 0.4142, 'JavaScript/TypeScript': 0.0668}",https://github.com/kyutai-labs/moshi,"Moshi is a speech-text foundation model and full-duplex spoken dialogue framework. It uses Mimi, a state-of-the-art streaming neural audio codec."
sigoden/dufs,9807,260770,"{'Rust': 0.8402, 'JavaScript/TypeScript': 0.1143}",https://github.com/sigoden/dufs,"A file server that supports static serving, uploading, searching, accessing control, webdav..."
frappe/frappe,9794,9070916,"{'Python': 0.5842, 'JavaScript/TypeScript': 0.3221}",https://github.com/frappe/frappe,"Low code web framework for real world applications, in Python and Javascript"
humanlayer/humanlayer,9778,3425333,"{'JavaScript/TypeScript': 0.6081, 'Go': 0.3358}",https://github.com/humanlayer/humanlayer,The best way to get AI coding agents to solve hard problems in complex codebases.
danielmiessler/Personal_AI_Infrastructure,9726,19056300,"{'JavaScript/TypeScript': 0.7921, 'Python': 0.0918}",https://github.com/danielmiessler/Personal_AI_Infrastructure,Agentic AI Infrastructure for magnifying HUMAN capabilities.
microsoft/magentic-ui,9717,1704226,"{'Python': 0.7045, 'JavaScript/TypeScript': 0.2844}",https://github.com/microsoft/magentic-ui,A research prototype of a human-centered web agent
git-bug/git-bug,9712,1051389,"{'Go': 0.8412, 'JavaScript/TypeScript': 0.1114}",https://github.com/git-bug/git-bug,"Distributed, offline-first bug tracker embedded in git"
microsoft/Windows-universal-samples,9702,9772010,"{'JavaScript/TypeScript': 0.7255, 'C/C++': 0.0845}",https://github.com/microsoft/Windows-universal-samples,API samples for the Universal Windows Platform.
spinnaker/spinnaker,9697,53497845,"{'Java': 0.4061, 'JavaScript/TypeScript': 0.1721}",https://github.com/spinnaker/spinnaker,"Spinnaker is an open source, multi-cloud continuous delivery platform for releasing software changes with high velocity and confidence."
ostris/ai-toolkit,9696,4123653,"{'Python': 0.8857, 'JavaScript/TypeScript': 0.102}",https://github.com/ostris/ai-toolkit,The ultimate training toolkit for finetuning diffusion models
niedev/RTranslator,9682,9782953,"{'C/C++': 0.8493, 'Java': 0.1261}",https://github.com/niedev/RTranslator,Open source real-time translation app for Android that runs locally
WebKit/WebKit,9669,1358260156,"{'JavaScript/TypeScript': 0.4712, 'C/C++': 0.1556}",https://github.com/WebKit/WebKit,"Home of the WebKit project, the browser engine used by Safari, Mail, App Store and many other applications on macOS, iOS and Linux."
browseros-ai/BrowserOS,9666,1203499,"{'C/C++': 0.8539, 'Go': 0.0893}",https://github.com/browseros-ai/BrowserOS,"🌐 The open-source Agentic browser; alternative to ChatGPT Atlas, Perplexity Comet, Dia."
koral--/android-gif-drawable,9660,284827,"{'Java': 0.5814, 'C/C++': 0.4076}",https://github.com/koral--/android-gif-drawable,Views and Drawable for displaying animated GIFs on Android
react-native-camera/react-native-camera,9653,937657,"{'Java': 0.5298, 'C/C++': 0.0967}",https://github.com/react-native-camera/react-native-camera,A Camera component for React Native. Also supports barcode scanning!
google/re2,9615,1232560,"{'C/C++': 0.908, 'Python': 0.0506}",https://github.com/google/re2,"RE2 is a fast, safe, thread-friendly alternative to backtracking regular expression engines like those used in PCRE, Perl, and Python. It is a C++ library."
gzc/CLRS,9602,250312,"{'C/C++': 0.7293, 'Python': 0.2589}",https://github.com/gzc/CLRS,:notebook:Solutions to Introduction to Algorithms
sqlfluff/sqlfluff,9584,7288093,"{'Python': 0.7118, 'Rust': 0.11}",https://github.com/sqlfluff/sqlfluff,A modular SQL linter and auto-formatter with support for multiple dialects and templated code.
skypilot-org/skypilot,9565,14468602,"{'Python': 0.877, 'JavaScript/TypeScript': 0.0857}",https://github.com/skypilot-org/skypilot,"Run, manage, and scale AI workloads on any AI infrastructure. Use one system to access & manage all AI compute (Kubernetes, 20+ clouds, or on-prem)."
polarsource/polar,9540,14554230,"{'Python': 0.5945, 'JavaScript/TypeScript': 0.3606}",https://github.com/polarsource/polar,Turn your software into a business.
BloopAI/bloop,9517,2465534,"{'Rust': 0.4831, 'JavaScript/TypeScript': 0.4172}",https://github.com/BloopAI/bloop,bloop is a fast code search engine written in Rust.
BYVoid/OpenCC,9514,318835,"{'C/C++': 0.7687, 'Python': 0.0806}",https://github.com/BYVoid/OpenCC,Conversion between Traditional and Simplified Chinese
gorse-io/gorse,9513,1860051,"{'Go': 0.7269, 'C/C++': 0.0797}",https://github.com/gorse-io/gorse,AI powered open source recommender system engine supports classical/LLM rankers and multimodal content via embedding
tilt-dev/tilt,9508,5591327,"{'Go': 0.7949, 'JavaScript/TypeScript': 0.1704}",https://github.com/tilt-dev/tilt,Define your dev environment as code. For microservice apps on Kubernetes.
rapidsai/cudf,9508,36102820,"{'C/C++': 0.3912, 'Python': 0.2802, 'Java': 0.0715}",https://github.com/rapidsai/cudf,cuDF - GPU DataFrame Library 
ValueCell-ai/valuecell,9505,2518909,"{'Python': 0.7523, 'JavaScript/TypeScript': 0.2311}",https://github.com/ValueCell-ai/valuecell,"ValueCell is a community-driven, multi-agent platform for financial applications."
ihmily/DouyinLiveRecorder,9499,468784,"{'Python': 0.7762, 'JavaScript/TypeScript': 0.2008}",https://github.com/ihmily/DouyinLiveRecorder,可循环值守和多人录制的直播录制软件，支持抖音、TikTok、Youtube、快手、虎牙、斗鱼、B站、小红书、pandatv、sooplive、flextv、popkontv、twitcasting、winktv、百度、微博、酷狗、17Live、Twitch、Acfun、CHZZK、shopee等40+平台直播录制
scrapinghub/portia,9496,2778042,"{'Python': 0.4003, 'JavaScript/TypeScript': 0.1769}",https://github.com/scrapinghub/portia,Visual scraping for Scrapy
cocos/cocos-engine,9461,39667395,"{'C/C++': 0.5311, 'JavaScript/TypeScript': 0.409}",https://github.com/cocos/cocos-engine,"Cocos simplifies game creation and distribution with Cocos Creator, a free, open-source, cross-platform game engine. Empowering millions of developers to create high-performance, engaging 2D/3D games and instant web entertainment."
sjwhitworth/golearn,9448,595150,"{'Go': 0.8488, 'C/C++': 0.147}",https://github.com/sjwhitworth/golearn,Machine Learning for Go
blackboardsh/electrobun,9431,2902999,"{'JavaScript/TypeScript': 0.4395, 'C/C++': 0.3345}",https://github.com/blackboardsh/electrobun,"Build ultra fast, tiny, and cross-platform desktop apps with Typescript."
mcp-use/mcp-use,9420,5442572,"{'JavaScript/TypeScript': 0.7998, 'Python': 0.1853}",https://github.com/mcp-use/mcp-use,The fullstack MCP framework to develop MCP Apps for ChatGPT / Claude & MCP Servers for AI Agents.
NVIDIA/cutlass,9398,49997412,"{'C/C++': 0.6059, 'Python': 0.0845}",https://github.com/NVIDIA/cutlass,CUDA Templates and Python DSLs for High-Performance Linear Algebra
lancedb/lancedb,9392,6111699,"{'Rust': 0.2763, 'Python': 0.2253, 'JavaScript/TypeScript': 0.0754}",https://github.com/lancedb/lancedb,Developer-friendly OSS embedded retrieval library for multimodal AI. Search More; Manage Less.
Oneflow-Inc/oneflow,9391,25162937,"{'C/C++': 0.5885, 'Python': 0.2849}",https://github.com/Oneflow-Inc/oneflow,"OneFlow is a deep learning framework designed to be user-friendly, scalable and efficient."
vxcontrol/pentagi,9390,5563290,"{'Go': 0.7595, 'JavaScript/TypeScript': 0.2072}",https://github.com/vxcontrol/pentagi,✨ Fully autonomous AI Agents system capable of performing complex penetration testing tasks
Leantime/leantime,9386,7102300,"{'PHP': 0.4905, 'JavaScript/TypeScript': 0.1978}",https://github.com/Leantime/leantime,"Leantime is a goals focused project management system for non-project managers. Building with ADHD, Autism, and dyslexia in mind."
Studio3T/robomongo,9369,1614994,"{'C/C++': 0.799, 'JavaScript/TypeScript': 0.1232}",https://github.com/Studio3T/robomongo,Native cross-platform MongoDB management tool
dr5hn/countries-states-cities-database,9343,235551,"{'Python': 0.7342, 'PHP': 0.2493}",https://github.com/dr5hn/countries-states-cities-database,"🌍 Discover our global repository of countries, states, and cities!  🏙️ Get comprehensive data in JSON, SQL, PSQL, SQLSERVER, MONGODB, SQLITE, XML, YAML, and CSV formats. Access ISO2, ISO3 codes, country code, capital, native language, timezones (for countries), and more. #countries #states #cities"
dstotijn/hetty,9338,393593,"{'Go': 0.5348, 'JavaScript/TypeScript': 0.4549}",https://github.com/dstotijn/hetty,An HTTP toolkit for security research.
Usagi-org/ai-goofish-monitor,9323,678599,"{'Python': 0.5781, 'JavaScript/TypeScript': 0.1065}",https://github.com/Usagi-org/ai-goofish-monitor,本项目基于 Playwright 和AI过滤的闲鱼多任务实时/定时监控与智能分析工具，配备了功能完善的后台管理界面。帮助用户节省闲鱼商品过滤，能及时找到心仪商品。
bytedance/monolith,9280,5370129,"{'Python': 0.5675, 'C/C++': 0.3867}",https://github.com/bytedance/monolith,A Lightweight Recommendation System
sosedoff/pgweb,9268,310325,"{'Go': 0.5474, 'JavaScript/TypeScript': 0.1781}",https://github.com/sosedoff/pgweb,Cross-platform client for PostgreSQL databases
replicate/cog,9265,2429416,"{'Go': 0.5059, 'Rust': 0.2088, 'Python': 0.059}",https://github.com/replicate/cog,Containers for machine learning
chaitin/PandaWiki,9246,4432337,"{'JavaScript/TypeScript': 0.6799, 'Go': 0.2952}",https://github.com/chaitin/PandaWiki,PandaWiki 是一款 AI 大模型驱动的开源知识库搭建系统，帮助你快速构建智能化的 产品文档、技术文档、FAQ、博客系统，借助大模型的力量为你提供 AI 创作、AI 问答、AI 搜索等能力。
chakra-core/ChakraCore,9242,97569184,"{'JavaScript/TypeScript': 0.5276, 'C/C++': 0.4317}",https://github.com/chakra-core/ChakraCore,ChakraCore is an open source Javascript engine with a C API.
jgamblin/Mirai-Source-Code,9232,369237,"{'C/C++': 0.8609, 'Go': 0.1061}",https://github.com/jgamblin/Mirai-Source-Code,Leaked Mirai Source Code for Research/IoC Development Purposes
mrousavy/react-native-vision-camera,9231,801772,"{'JavaScript/TypeScript': 0.2617, 'C/C++': 0.0673}",https://github.com/mrousavy/react-native-vision-camera,"📸 A powerful, high-performance React Native Camera library."
happyfish100/fastdfs,9228,6309445,"{'C/C++': 0.6129, 'Rust': 0.0853}",https://github.com/happyfish100/fastdfs,"FastDFS is a high performance distributed file system (DFS). It's major functions include: file storing, file syncing and file accessing, and design for high capacity and load balance. Wechat/Weixin public account (Chinese Language): fastdfs"
microsoft/napajs,9215,772717,"{'C/C++': 0.6897, 'JavaScript/TypeScript': 0.2917}",https://github.com/microsoft/napajs,Napa.js: a multi-threaded JavaScript runtime
Arindam200/awesome-ai-apps,9214,1647408,"{'Python': 0.7348, 'JavaScript/TypeScript': 0.0608}",https://github.com/Arindam200/awesome-ai-apps,"A collection of projects showcasing RAG, agents, workflows, and other AI use cases"
nodegui/nodegui,9197,2234098,"{'C/C++': 0.697, 'JavaScript/TypeScript': 0.2909}",https://github.com/nodegui/nodegui,A library for building cross-platform native desktop applications with Node.js and CSS  🚀.  React NodeGui : https://react.nodegui.org and Vue NodeGui: https://vue.nodegui.org
grpc/grpc-web,9193,332866,"{'JavaScript/TypeScript': 0.6045, 'C/C++': 0.2148, 'Python': 0.0567}",https://github.com/grpc/grpc-web,gRPC for Web Clients
highlight/highlight,9181,15833815,"{'JavaScript/TypeScript': 0.7903, 'Go': 0.1581}",https://github.com/highlight/highlight,"highlight.io: The open source, full-stack monitoring platform. Error monitoring, session replay, logging, distributed tracing, and more."
spyder-ide/spyder,9159,8256692,"{'Python': 0.9178, 'JavaScript/TypeScript': 0.065}",https://github.com/spyder-ide/spyder,Official repository for Spyder - The Scientific Python Development Environment
sqlite/sqlite,9156,18246569,"{'C/C++': 0.8083, 'JavaScript/TypeScript': 0.0582}",https://github.com/sqlite/sqlite,Official Git mirror of the SQLite source tree
firebase/flutterfire,9155,7951626,"{'C/C++': 0.1367, 'Java': 0.0838}",https://github.com/firebase/flutterfire,🔥 A collection of Firebase plugins for Flutter apps.
scylladb/seastar,9150,5517750,"{'C/C++': 0.91, 'Python': 0.0511}",https://github.com/scylladb/seastar,High performance server-side application framework
microsoft/react-native-code-push,9144,1766992,"{'C/C++': 0.5061, 'JavaScript/TypeScript': 0.1334, 'Java': 0.0718}",https://github.com/microsoft/react-native-code-push,React Native module for CodePush
khuedoan/homelab,9133,47147,"{'Python': 0.4122, 'Go': 0.2284}",https://github.com/khuedoan/homelab,Fully automated homelab from empty disk to running services with a single command.
flowable/flowable-engine,9123,48748916,"{'Java': 0.9417, 'JavaScript/TypeScript': 0.0506}",https://github.com/flowable/flowable-engine,"A compact and highly efficient workflow and Business Process Management (BPM) platform for developers, system admins and business users."
api-platform/api-platform,9119,30684,"{'JavaScript/TypeScript': 0.4321, 'PHP': 0.2202}",https://github.com/api-platform/api-platform,"🕸️ Create REST and GraphQL APIs, scaffold Jamstack webapps, stream changes in real-time."
xorbitsai/inference,9114,3365835,"{'Python': 0.8958, 'JavaScript/TypeScript': 0.1009}",https://github.com/xorbitsai/inference,"Swap GPT for any LLM by changing a single line of code. Xinference lets you run open-source, speech, and multimodal models on cloud, on-prem, or your laptop — all through one unified, production-ready inference API."
berty/berty,9105,4391525,"{'JavaScript/TypeScript': 0.4443, 'Go': 0.3842, 'Java': 0.1069}",https://github.com/berty/berty,"Berty is a secure peer-to-peer messaging app that works with or without internet access, cellular data or trust in the network"
nhost/nhost,9099,10199704,"{'JavaScript/TypeScript': 0.7292, 'Go': 0.205}",https://github.com/nhost/nhost,The Open Source Firebase Alternative with GraphQL.
OutlineFoundation/outline-apps,9090,1861139,"{'JavaScript/TypeScript': 0.6422, 'Go': 0.154}",https://github.com/OutlineFoundation/outline-apps,"Outline Client and Manager, developed by Jigsaw. Outline Manager makes it easy to create your own VPN server. Outline Client lets you share access to your VPN with anyone in your network, giving them access to the free and open internet."
mulaRahul/keyviz,9075,525437,"{'JavaScript/TypeScript': 0.6321, 'Rust': 0.3582}",https://github.com/mulaRahul/keyviz,Keyviz is a free and open-source tool to visualize your keystrokes ⌨️ and 🖱️ mouse actions in real-time.
bigbluebutton/bigbluebutton,9049,10623522,"{'JavaScript/TypeScript': 0.5801, 'Java': 0.1152}",https://github.com/bigbluebutton/bigbluebutton,A complete web conferencing system for virtual classes and more!
Lissy93/awesome-privacy,9047,387980,"{'Python': 0.2532, 'JavaScript/TypeScript': 0.1696}",https://github.com/Lissy93/awesome-privacy,🦄  A curated list of privacy & security-focused software and services
meetecho/janus-gateway,9046,5957416,"{'C/C++': 0.8269, 'JavaScript/TypeScript': 0.118}",https://github.com/meetecho/janus-gateway,Janus WebRTC Server
deepseek-ai/DeepEP,9043,584934,"{'Python': 0.2035, 'C/C++': 0.1924}",https://github.com/deepseek-ai/DeepEP,DeepEP: an efficient expert-parallel communication library
activeloopai/deeplake,9032,2970326,"{'C/C++': 0.5247, 'Python': 0.3883}",https://github.com/activeloopai/deeplake,"Database for AI. Store Vectors, Images, Texts, Videos, etc. Use with LLMs/LangChain. Store, query, version, & visualize any AI data. Stream data in real-time to PyTorch/TensorFlow. https://activeloop.ai"
WebGoat/WebGoat,9016,2618746,"{'JavaScript/TypeScript': 0.4973, 'Java': 0.3421}",https://github.com/WebGoat/WebGoat,WebGoat is a deliberately insecure application
PrestaShop/PrestaShop,9001,43005221,"{'PHP': 0.5621, 'JavaScript/TypeScript': 0.2375}",https://github.com/PrestaShop/PrestaShop,PrestaShop is the universal open-source software platform to build your e-commerce solution.
coaidev/coai,8996,1665214,"{'JavaScript/TypeScript': 0.5808, 'Go': 0.3014}",https://github.com/coaidev/coai,"🚀 Next Generation Multi-tenant AI One-Stop Solution. Builtin Admin & Billing System. Enterprise-Grade Unified LLM Gateway Support for 200+ Models And 35+ Providers, Load Balacing w/ Priority-base Routing, Cost Management, Chat Share, Cloud Sync, Credit/Subscription Billing, All File Parsing, Web Search, Built-in Model Cache."
OpenCTI-Platform/opencti,8988,31567798,"{'JavaScript/TypeScript': 0.9224, 'Python': 0.0748}",https://github.com/OpenCTI-Platform/opencti,Open Cyber Threat Intelligence Platform
o3de/o3de,8988,147941124,"{'C/C++': 0.8466, 'Python': 0.0623}",https://github.com/o3de/o3de,"Open 3D Engine (O3DE) is an Apache 2.0-licensed multi-platform 3D engine that enables developers and content creators to build AAA games, cinema-quality 3D worlds, and high-fidelity simulations without any fees or commercial obligations."
pydantic/FastUI,8956,222314,"{'Python': 0.5521, 'JavaScript/TypeScript': 0.4272}",https://github.com/pydantic/FastUI,Build better UIs faster.
H-M-H/Weylus,8954,349540,"{'Rust': 0.6807, 'C/C++': 0.1579, 'JavaScript/TypeScript': 0.1216}",https://github.com/H-M-H/Weylus,Use your tablet as graphic tablet/touch screen on your computer.
beautifier/js-beautify,8948,1863972,"{'JavaScript/TypeScript': 0.4274, 'Python': 0.155}",https://github.com/beautifier/js-beautify,Beautifier for javascript 
jwasham/computer-science-flash-cards,8946,36226,"{'Python': 0.351, 'JavaScript/TypeScript': 0.0504}",https://github.com/jwasham/computer-science-flash-cards,Mini website for testing both general CS knowledge and enforce coding practice and common algorithm/data structure memorization.
n1nj4sec/pupy,8946,3879422,"{'Python': 0.7989, 'C/C++': 0.1655}",https://github.com/n1nj4sec/pupy,"Pupy is an opensource, cross-platform (Windows, Linux, OSX, Android) C2 and post-exploitation framework written in python and C"
Abdenasser/neohtop,8934,189888,"{'JavaScript/TypeScript': 0.2383, 'Rust': 0.1137}",https://github.com/Abdenasser/neohtop,"💪🏻 Blazing-fast system monitoring for your desktop (built with Rust, Tauri & Svelte)"
sensepost/objection,8932,624769,"{'Python': 0.6374, 'JavaScript/TypeScript': 0.3614}",https://github.com/sensepost/objection,📱 objection - runtime mobile exploration
NVIDIA/apex,8928,3661633,"{'Python': 0.3762, 'C/C++': 0.2892}",https://github.com/NVIDIA/apex,A PyTorch Extension:  Tools for easy mixed precision and distributed training in Pytorch
OctoPrint/OctoPrint,8926,7588066,"{'Python': 0.4373, 'JavaScript/TypeScript': 0.2501}",https://github.com/OctoPrint/OctoPrint,OctoPrint is the snappy web interface for your 3D printer!
async-profiler/async-profiler,8917,1517860,"{'C/C++': 0.5957, 'Java': 0.2689}",https://github.com/async-profiler/async-profiler,Sampling CPU and HEAP profiler for Java featuring AsyncGetCallTrace + perf_events
java-native-access/jna,8905,10553848,"{'Java': 0.7633, 'C/C++': 0.1642}",https://github.com/java-native-access/jna,Java Native Access
53AI/53AIHub,8894,5189489,"{'Go': 0.3426, 'JavaScript/TypeScript': 0.2669}",https://github.com/53AI/53AIHub,"53AI Hub is an open-source AI portal, which enables you to quickly build a operational-level AI portal to launch and operate AI agents, prompts, and AI tools. It supports seamless integration with development platforms like Coze, Dify, FastGPT, RAGFlow."
open-metadata/OpenMetadata,8889,67529232,"{'JavaScript/TypeScript': 0.4555, 'Java': 0.3137, 'Python': 0.2088}",https://github.com/open-metadata/OpenMetadata,"OpenMetadata is a unified metadata platform for data discovery, data observability, and data governance powered by a central metadata repository, in-depth column level lineage, and seamless team collaboration."
AdAway/AdAway,8871,7753440,"{'C/C++': 0.7902, 'Java': 0.072}",https://github.com/AdAway/AdAway,AdAway is a free and open source ad blocker for Android. 
kivy/python-for-android,8869,1269428,"{'Python': 0.7502, 'Java': 0.1402, 'C/C++': 0.0546}",https://github.com/kivy/python-for-android,Turn your Python application into an Android APK
teamhanko/hanko,8864,1924266,"{'Go': 0.6686, 'JavaScript/TypeScript': 0.2819}",https://github.com/teamhanko/hanko,"Modern authentication, on your terms. Open source alternative to Auth0, Clerk, WorkOS, Stytch."
clips/pattern,8858,1791973,"{'Python': 0.8717, 'JavaScript/TypeScript': 0.128}",https://github.com/clips/pattern,"Web mining module for Python, with tools for scraping, natural language processing, machine learning, network analysis and visualization."
ricklamers/gridstudio,8851,942188,"{'JavaScript/TypeScript': 0.7415, 'Go': 0.1833}",https://github.com/ricklamers/gridstudio,Grid studio is a web-based application for data science with full integration of open source data science frameworks and languages.
xinnan-tech/xiaozhi-esp32-server,8846,5947890,"{'JavaScript/TypeScript': 0.4654, 'Python': 0.1687, 'Java': 0.1686}",https://github.com/xinnan-tech/xiaozhi-esp32-server,"本项目为xiaozhi-esp32提供后端服务，帮助您快速搭建ESP32设备控制服务器。Backend service for xiaozhi-esp32, helps you quickly build an ESP32 device control server."
mailpile/Mailpile,8845,3816487,"{'Python': 0.6001, 'JavaScript/TypeScript': 0.1629}",https://github.com/mailpile/Mailpile,"A free & open modern, fast email client with user-friendly encryption and privacy features"
catboost/catboost,8839,29876126,"{'C/C++': 0.7718, 'Python': 0.1038}",https://github.com/catboost/catboost,"A fast, scalable, high performance Gradient Boosting on Decision Trees library, used for ranking, classification, regression and other machine learning tasks for Python, R, Java, C++. Supports computation on CPU and GPU."
fuzzdb-project/fuzzdb,8838,353786,"{'PHP': 0.3144, 'Java': 0.2718}",https://github.com/fuzzdb-project/fuzzdb,Dictionary of attack patterns and primitives for black-box application fault injection and resource discovery.
alibaba/zvec,8838,10358974,"{'C/C++': 0.8246, 'Python': 0.0815}",https://github.com/alibaba/zvec,"A lightweight, lightning-fast, in-process vector database"
grocy/grocy,8823,1452789,"{'JavaScript/TypeScript': 0.3446, 'PHP': 0.2881}",https://github.com/grocy/grocy,ERP beyond your fridge - Grocy is a web-based self-hosted groceries & household management solution for your home
open-source-parsers/jsoncpp,8821,513628,"{'C/C++': 0.8182, 'Python': 0.112}",https://github.com/open-source-parsers/jsoncpp,A C++ library for interacting with JSON.
Arize-ai/phoenix,8814,28147291,"{'Python': 0.356, 'JavaScript/TypeScript': 0.2303}",https://github.com/Arize-ai/phoenix,AI Observability & Evaluation
Tiiny-AI/PowerInfer,8797,17868485,"{'C/C++': 0.7252, 'Python': 0.0881}",https://github.com/Tiiny-AI/PowerInfer,High-speed Large Language Model Serving for Local Deployment
nathanmarz/storm,8791,3319271,"{'Java': 0.6977, 'Python': 0.0823}",https://github.com/nathanmarz/storm,"Distributed and fault-tolerant realtime computation: stream processing, continuous computation, distributed RPC, and more"
ccfddl/ccf-deadlines,8766,166948,"{'Rust': 0.6868, 'Python': 0.1242, 'JavaScript/TypeScript': 0.1176}",https://github.com/ccfddl/ccf-deadlines,"⏰ Agenticly track worldwide conference deadlines (Website, Python Cli, Wechat Applet) / If you find it useful, please star this project, thanks~"
PojavLauncherTeam/PojavLauncher,8759,2923404,"{'Java': 0.6294, 'C/C++': 0.369}",https://github.com/PojavLauncherTeam/PojavLauncher,A Minecraft: Java Edition Launcher for Android and iOS based on Boardwalk. Succeeded by https://github.com/AngelAuraMC/Amethyst-Android
dusty-nv/jetson-inference,8747,1783987,"{'C/C++': 0.5669, 'Python': 0.1454}",https://github.com/dusty-nv/jetson-inference,Hello AI World guide to deploying deep-learning inference networks and deep vision primitives with TensorRT and NVIDIA Jetson.
owncloud/core,8745,27492056,"{'PHP': 0.5122, 'JavaScript/TypeScript': 0.3321}",https://github.com/owncloud/core,":cloud: ownCloud web server core (Files, DAV, etc.)"
chatfire-AI/huobao-drama,8744,1502944,"{'Go': 0.3881, 'JavaScript/TypeScript': 0.0801}",https://github.com/chatfire-AI/huobao-drama,"🎬 火宝短剧 - 基于AI的一站式短剧生成平台 《一句话生成完整短剧，从剧本到成片全自动化》  Huobao Drama - An AI-Powered End-to-End Short Drama Generator ""One Sentence to Complete Drama: Fully Automated from Script to Final Video"""
facebookarchive/react-360,8726,1724728,"{'JavaScript/TypeScript': 0.812, 'C/C++': 0.1863}",https://github.com/facebookarchive/react-360,Create amazing 360 and VR content using React
awslabs/llrt,8706,3489459,"{'Rust': 0.5712, 'JavaScript/TypeScript': 0.4219}",https://github.com/awslabs/llrt,"LLRT (Low Latency Runtime) is an experimental, lightweight JavaScript runtime designed to address the growing demand for fast and efficient Serverless applications."
appleboy/gorush,8696,352949,"{'Go': 0.7901, 'JavaScript/TypeScript': 0.1623}",https://github.com/appleboy/gorush,A push notification server written in Go (Golang).
alibaba/spring-ai-alibaba,8681,10094367,"{'Java': 0.6925, 'JavaScript/TypeScript': 0.2785}",https://github.com/alibaba/spring-ai-alibaba,Agentic AI Framework for Java Developers
pterodactyl/panel,8675,2657037,"{'PHP': 0.6437, 'JavaScript/TypeScript': 0.2232}",https://github.com/pterodactyl/panel,"Pterodactyl® is a free, open-source game server management panel built with PHP, React, and Go. Designed with security in mind, Pterodactyl runs all game servers in isolated Docker containers while exposing a beautiful and intuitive UI to end users."
mage-ai/mage-ai,8669,17055778,"{'Python': 0.5408, 'JavaScript/TypeScript': 0.3604}",https://github.com/mage-ai/mage-ai,"🧙 Build, run, and manage data pipelines for integrating and transforming data."
VowpalWabbit/vowpal_wabbit,8660,9292360,"{'C/C++': 0.5917, 'Python': 0.0561}",https://github.com/VowpalWabbit/vowpal_wabbit,"Vowpal Wabbit is a machine learning system which pushes the frontier of machine learning with techniques such as online, hashing, allreduce, reductions, learning2search, active, and interactive learning.  "
pygame/pygame,8659,5538125,"{'C/C++': 0.5268, 'Python': 0.4321}",https://github.com/pygame/pygame,"🐍🎮 pygame (the library) is a Free and Open Source python programming language library for making multimedia applications like games built on top of the excellent SDL library. C, Python, Native, OpenGL."
google/adk-samples,8649,3661937,"{'Python': 0.708, 'JavaScript/TypeScript': 0.1005, 'Go': 0.0515}",https://github.com/google/adk-samples,A collection of sample agents built with Agent Development Kit (ADK) 
amitshekhariitbhu/Android-Debug-Database,8639,192159,"{'Java': 0.7412, 'JavaScript/TypeScript': 0.2213}",https://github.com/amitshekhariitbhu/Android-Debug-Database,A library for debugging android databases and shared preferences - Make Debugging Great Again
react-native-image-picker/react-native-image-picker,8637,106206,"{'Java': 0.4149, 'JavaScript/TypeScript': 0.2112}",https://github.com/react-native-image-picker/react-native-image-picker,:sunrise_over_mountains: A React Native module that allows you to use native UI to select media from the device library or directly from the camera.
project-chip/connectedhomeip,8634,81696495,"{'C/C++': 0.5379, 'Python': 0.1421, 'Java': 0.1093}",https://github.com/project-chip/connectedhomeip,"Matter (formerly Project CHIP) creates more connections between more objects, simplifying development for manufacturers and increasing compatibility for consumers, guided by the Connectivity Standards Alliance."
hunshcn/gh-proxy,8630,14625,"{'Python': 0.5102, 'JavaScript/TypeScript': 0.3593}",https://github.com/hunshcn/gh-proxy,github release、archive以及项目文件的加速项目
microsoft/TypeChat,8630,336514,"{'JavaScript/TypeScript': 0.495, 'Python': 0.396}",https://github.com/microsoft/TypeChat,TypeChat is a library that makes it easy to build natural language interfaces using types.
SeleniumHQ/docker-selenium,8615,796266,"{'Python': 0.2224, 'Go': 0.2091}",https://github.com/SeleniumHQ/docker-selenium,"Provides a simple way to run Selenium Grid with Chrome, Firefox, and Edge using Container Platform, making it easier to perform browser automation at scale"
SecWiki/windows-kernel-exploits,8609,2664194,"{'C/C++': 0.6531, 'Python': 0.2646}",https://github.com/SecWiki/windows-kernel-exploits,windows-kernel-exploits   Windows平台提权漏洞集合
jofpin/trape,8606,215818,"{'Python': 0.6732, 'JavaScript/TypeScript': 0.1234}",https://github.com/jofpin/trape,People tracker on the Internet: OSINT analysis and research tool by Jose Pino
dnschneid/crouton,8595,589249,"{'C/C++': 0.2343, 'JavaScript/TypeScript': 0.0662}",https://github.com/dnschneid/crouton,Chromium OS Universal Chroot Environment (EOL)
realsenseai/librealsense,8584,16536161,"{'C/C++': 0.825, 'Python': 0.0944}",https://github.com/realsenseai/librealsense,RealSense SDK
Ewenwan/MVision,8584,12473576,"{'C/C++': 0.5773, 'Python': 0.196}",https://github.com/Ewenwan/MVision,机器人视觉 移动机器人 VS-SLAM ORB-SLAM2 深度学习目标检测 yolov3 行为检测 opencv  PCL 机器学习 无人驾驶
squeaky-pl/japronto,8569,298000,"{'C/C++': 0.5029, 'Python': 0.4821}",https://github.com/squeaky-pl/japronto, Screaming-fast Python 3.5+ HTTP toolkit integrated with pipelining HTTP server based on uvloop and picohttpparser.
google/tsunami-security-scanner,8550,1078908,"{'Java': 0.841, 'Python': 0.1536}",https://github.com/google/tsunami-security-scanner,Tsunami is a general purpose network security scanner with an extensible plugin system for detecting high severity vulnerabilities with high confidence.
taskforcesh/bullmq,8539,2793734,"{'JavaScript/TypeScript': 0.5366, 'Python': 0.0624}",https://github.com/taskforcesh/bullmq,"BullMQ - Message Queue and Batch processing for NodeJS, Python, Elixir and PHP based on Redis"
Tencent/Hippy,8538,13138547,"{'C/C++': 0.3365, 'Java': 0.1757, 'JavaScript/TypeScript': 0.1865}",https://github.com/Tencent/Hippy,Hippy is designed to easily build cross-platform dynamic apps. 👏
ideawu/ssdb,8537,486421,"{'C/C++': 0.7954, 'PHP': 0.0799}",https://github.com/ideawu/ssdb,"SSDB - A fast NoSQL database, an alternative to Redis"
jackvale/rectg,8520,157407,"{'Python': 0.443, 'JavaScript/TypeScript': 0.1599}",https://github.com/jackvale/rectg,Telegram 优质中文频道与群组自动化导航站。持续追踪 1000+ 节点，智能过滤死群、引流广告与有害内容，为您提供最纯粹的 TG 中文资源精选库。
apache/beam,8510,79313009,"{'Java': 0.65, 'Python': 0.1912, 'Go': 0.0892}",https://github.com/apache/beam,Apache Beam is a unified programming model for Batch and Streaming data processing.
OpenBMB/XAgent,8508,917003,"{'Python': 0.7241, 'JavaScript/TypeScript': 0.0662}",https://github.com/OpenBMB/XAgent,An Autonomous LLM Agent for Complex Task Solving
yogeshojha/rengine,8505,1936616,"{'Python': 0.3305, 'JavaScript/TypeScript': 0.218}",https://github.com/yogeshojha/rengine,"reNgine is an automated reconnaissance framework for web applications with a focus on highly configurable streamlined recon process via Engines, recon data correlation and organization, continuous monitoring, backed by a database, and simple yet intuitive User Interface. reNgine makes it easy for penetration testers to gather reconnaissance with minimal configuration and with the help of reNgine's correlation, it just makes recon effortless."
Johnserf-Seed/TikTokDownload,8493,55580,"{'Python': 0.8827, 'JavaScript/TypeScript': 0.109}",https://github.com/Johnserf-Seed/TikTokDownload,抖音去水印批量下载用户主页作品、喜欢、收藏、图文、音频
vaexio/vaex,8492,5929410,"{'Python': 0.6081, 'JavaScript/TypeScript': 0.2445, 'C/C++': 0.1051}",https://github.com/vaexio/vaex,"Out-of-Core hybrid Apache Arrow/NumPy DataFrame for Python, ML, visualization and exploration of big tabular data at a billion rows per second 🚀"
aeron-io/aeron,8490,15529178,"{'Java': 0.6451, 'C/C++': 0.3421}",https://github.com/aeron-io/aeron,"Efficient reliable UDP unicast, UDP multicast, and IPC message transport"
sass/node-sass,8487,1636164,"{'C/C++': 0.8396, 'JavaScript/TypeScript': 0.1263}",https://github.com/sass/node-sass,:rainbow: Node.js bindings to libsass
apify/crawlee-python,8482,1918365,"{'Python': 0.9098, 'JavaScript/TypeScript': 0.055}",https://github.com/apify/crawlee-python,"Crawlee—A web scraping and browser automation library for Python to build reliable crawlers. Extract data for AI, LLMs, RAG, or GPTs. Download HTML, PDF, JPG, PNG, and other files from websites. Works with Parsel, BeautifulSoup, Playwright, and raw HTTP. Both headful and headless mode. With proxy rotation."
DenverCoder1/readme-typing-svg,8477,81679,"{'PHP': 0.7314, 'JavaScript/TypeScript': 0.1631}",https://github.com/DenverCoder1/readme-typing-svg,"⚡ Dynamically generated, customizable SVG that gives the appearance of typing and deleting text for use on your profile page, repositories, or website."
firezone/firezone,8468,8122416,"{'Rust': 0.3078, 'JavaScript/TypeScript': 0.0637}",https://github.com/firezone/firezone,Enterprise-ready zero-trust access platform built on WireGuard®.
DylanVann/react-native-fast-image,8442,135515,"{'JavaScript/TypeScript': 0.5309, 'Java': 0.3139}",https://github.com/DylanVann/react-native-fast-image,"🚩 FastImage, performant React Native image component."
atom-archive/xray,8441,996086,"{'Rust': 0.8649, 'JavaScript/TypeScript': 0.1271}",https://github.com/atom-archive/xray,An experimental next-generation Electron-based text editor
hiddify/Hiddify-Manager,8421,679240,"{'Python': 0.4762, 'JavaScript/TypeScript': 0.0704}",https://github.com/hiddify/Hiddify-Manager,"Multi-user anti-filtering panel, with an effortless installation and supporting more than 20 protocols to circumvent filtering plus the telegram proxy. "
smartystreets/goconvey,8420,343674,"{'Go': 0.695, 'JavaScript/TypeScript': 0.1283}",https://github.com/smartystreets/goconvey,Go testing in the browser. Integrates with `go test`. Write behavioral tests in Go.
qist/tvbox,8419,7363017,"{'JavaScript/TypeScript': 0.9427, 'Python': 0.0573}",https://github.com/qist/tvbox,OK影视、tvbox配置文件，如果喜欢，请Fork自用。使用前请仔细阅读仓库说明，一旦使用将被视为你已了解。
neon-bindings/neon,8400,878496,"{'Rust': 0.7859, 'JavaScript/TypeScript': 0.1924}",https://github.com/neon-bindings/neon,Rust bindings for writing safe and fast native Node.js modules.
WebAssembly/binaryen,8388,29533347,"{'C/C++': 0.2824, 'JavaScript/TypeScript': 0.061}",https://github.com/WebAssembly/binaryen,Optimizer and compiler/toolchain library for WebAssembly
andlabs/ui,8358,176196,"{'Go': 0.5908, 'C/C++': 0.4092}",https://github.com/andlabs/ui,Platform-native GUI library for Go.
django-commons/django-debug-toolbar,8357,505172,"{'Python': 0.7938, 'JavaScript/TypeScript': 0.0524}",https://github.com/django-commons/django-debug-toolbar,A configurable set of panels that display various debug information about the current request/response.
facebook/proxygen,8341,7350401,"{'C/C++': 0.9045, 'Python': 0.0561}",https://github.com/facebook/proxygen,A collection of C++ HTTP libraries including an easy to use HTTP server.
baowenbo/DAIN,8326,550674,"{'Python': 0.5889, 'C/C++': 0.0833}",https://github.com/baowenbo/DAIN,Depth-Aware Video Frame Interpolation (CVPR 2019)
stamparm/maltrail,8312,389259,"{'Python': 0.6153, 'JavaScript/TypeScript': 0.3092}",https://github.com/stamparm/maltrail,Malicious traffic detection system
solidtime-io/solidtime,8307,3852964,"{'PHP': 0.5094, 'JavaScript/TypeScript': 0.2133}",https://github.com/solidtime-io/solidtime,Modern open-source time-tracking app
crmeb/CRMEB,8301,18965297,"{'PHP': 0.3525, 'JavaScript/TypeScript': 0.0805}",https://github.com/crmeb/CRMEB,🔥CRMEB开源商城免费开源多语言商城系统，Tp6框架商城，系统可商用；包含小程序商城、H5商城、公众号商城、PC商城、App，支持分销、拼团、砍价、秒杀、优惠券、积分、会员等级、小程序直播、页面DIY，前后端分离，方便二开，更有详细使用文档、接口文档、数据字典、二开文档/视频教程，欢迎大家提出宝贵意见和建议
llamastack/llama-stack,8291,6785943,"{'Python': 0.8254, 'JavaScript/TypeScript': 0.113}",https://github.com/llamastack/llama-stack,Composable building blocks to build LLM Apps
crater-invoice-inc/crater,8266,3370624,"{'PHP': 0.4784, 'JavaScript/TypeScript': 0.0813}",https://github.com/crater-invoice-inc/crater,Open Source Invoicing Solution for Individuals & Businesses
tensorflow/examples,8258,4866810,"{'Python': 0.2536, 'Java': 0.075}",https://github.com/tensorflow/examples,TensorFlow examples
mherrmann/helium,8255,212076,"{'Python': 0.7861, 'JavaScript/TypeScript': 0.0506}",https://github.com/mherrmann/helium,Lighter web automation with Python
Shopify/react-native-skia,8246,3029674,"{'JavaScript/TypeScript': 0.573, 'C/C++': 0.3722}",https://github.com/Shopify/react-native-skia,High-performance React Native Graphics using Skia
jupyterhub/jupyterhub,8241,1812280,"{'Python': 0.8977, 'JavaScript/TypeScript': 0.0698}",https://github.com/jupyterhub/jupyterhub,Multi-user server for Jupyter notebooks
HavocFramework/Havoc,8223,4057777,"{'Go': 0.446, 'C/C++': 0.5009}",https://github.com/HavocFramework/Havoc,The Havoc Framework
certimate-go/certimate,8222,4274651,"{'Go': 0.64, 'JavaScript/TypeScript': 0.3585}",https://github.com/certimate-go/certimate,"An open-source and free self-hosted SSL certificates ACME tool, automates the full-cycle of issuance, deployment, renewal, and monitoring visually. 完全开源免费的自托管 SSL 证书 ACME 工具，申请、部署、续期、监控全流程自动化可视化，支持各大主流云厂商。"
mrousavy/react-native-mmkv,8188,168195,"{'JavaScript/TypeScript': 0.4728, 'C/C++': 0.3625}",https://github.com/mrousavy/react-native-mmkv,⚡️ The fastest key/value storage for React Native. ~30x faster than AsyncStorage!
kangvcar/InfoSpider,8187,273622,"{'Python': 0.6667, 'JavaScript/TypeScript': 0.1612}",https://github.com/kangvcar/InfoSpider,INFO-SPIDER 是一个集众多数据源于一身的爬虫工具箱🧰，旨在安全快捷的帮助用户拿回自己的数据，工具代码开源，流程透明。支持数据源包括GitHub、QQ邮箱、网易邮箱、阿里邮箱、新浪邮箱、Hotmail邮箱、Outlook邮箱、京东、淘宝、支付宝、中国移动、中国联通、中国电信、知乎、哔哩哔哩、网易云音乐、QQ好友、QQ群、生成朋友圈相册、浏览器浏览历史、12306、博客园、CSDN博客、开源中国博客、简书。
motioneye-project/motioneyeos,8184,5123141,"{'Python': 0.1122, 'C/C++': 0.0949}",https://github.com/motioneye-project/motioneyeos,A Video Surveillance OS For Single-board Computers
smartcontractkit/chainlink,8170,29581978,"{'Go': 0.9415, 'JavaScript/TypeScript': 0.0508}",https://github.com/smartcontractkit/chainlink,"node of the decentralized oracle network, bridging on and off-chain computation"
alibaba/atlas,8165,19868539,"{'Java': 0.5987, 'C/C++': 0.3568}",https://github.com/alibaba/atlas,A powerful Android Dynamic Component Framework.
reactive-python/reactpy,8155,617517,"{'Python': 0.8837, 'JavaScript/TypeScript': 0.1155}",https://github.com/reactive-python/reactpy,"It's React, but in Python"
crazyguitar/pysheeet,8149,473664,"{'Python': 0.5624, 'C/C++': 0.068}",https://github.com/crazyguitar/pysheeet,Python Cheat Sheet
krahets/LeetCode-Book,8143,729553,"{'Java': 0.4108, 'Python': 0.3076, 'C/C++': 0.2816}",https://github.com/krahets/LeetCode-Book,"《剑指 Offer》《图解算法数据结构》《Krahets 笔面试精选 88 题》Python, Java, C++ 解题代码"
alibaba/otter,8137,3798125,"{'Java': 0.9083, 'JavaScript/TypeScript': 0.0754}",https://github.com/alibaba/otter,阿里巴巴分布式数据库同步系统(解决中美异地机房)
X-PLUG/MobileAgent,8124,9811796,"{'Python': 0.6248, 'JavaScript/TypeScript': 0.1594}",https://github.com/X-PLUG/MobileAgent, Mobile-Agent: The Powerful GUI Agent Family
leptonai/search_with_lepton,8110,55613,"{'JavaScript/TypeScript': 0.5147, 'Python': 0.4788}",https://github.com/leptonai/search_with_lepton,Building a quick conversation-based search demo with Lepton AI.
TeamWiseFlow/wiseflow,8100,55469,"{'JavaScript/TypeScript': 0.6538, 'Python': 0.1764}",https://github.com/TeamWiseFlow/wiseflow,enhance any agent's browser use skill
xanderfrangos/twinkle-tray,8098,679538,"{'JavaScript/TypeScript': 0.6647, 'C/C++': 0.222}",https://github.com/xanderfrangos/twinkle-tray,Easily manage the brightness of your monitors in Windows from the system tray
citybound/citybound,8092,869782,"{'Rust': 0.84, 'JavaScript/TypeScript': 0.1435}",https://github.com/citybound/citybound,"A work-in-progress, open-source, multi-player city simulation game."
PrivateBin/PrivateBin,8091,1058538,"{'PHP': 0.4816, 'JavaScript/TypeScript': 0.3499}",https://github.com/PrivateBin/PrivateBin,"A minimalist, open source online pastebin where the server has zero knowledge of pasted data. Data is encrypted/decrypted in the browser using 256 bits AES."
TechEmpower/FrameworkBenchmarks,8088,7501047,"{'C/C++': 0.2021, 'Java': 0.1463, 'PHP': 0.1089, 'Rust': 0.0625, 'Python': 0.0545}",https://github.com/TechEmpower/FrameworkBenchmarks,Source for the TechEmpower Framework Benchmarks project
metallb/metallb,8084,2277554,"{'Go': 0.698, 'JavaScript/TypeScript': 0.0897}",https://github.com/metallb/metallb,A network load-balancer implementation for Kubernetes using standard routing protocols
google/diff-match-patch,8077,1326531,"{'Python': 0.1691, 'C/C++': 0.1278, 'Java': 0.1076, 'JavaScript/TypeScript': 0.0888}",https://github.com/google/diff-match-patch,Diff Match Patch is a high-performance library in multiple languages that manipulates plain text.
TandoorRecipes/recipes,8075,17302564,"{'JavaScript/TypeScript': 0.327, 'Python': 0.089}",https://github.com/TandoorRecipes/recipes,"Application for managing recipes, planning meals, building shopping lists and much much more!"
dvf/blockchain,8064,29394,"{'Python': 0.3882, 'JavaScript/TypeScript': 0.1189}",https://github.com/dvf/blockchain,A simple Blockchain in Python
opencart/opencart,8063,12664338,"{'PHP': 0.4276, 'JavaScript/TypeScript': 0.3357}",https://github.com/opencart/opencart,A free shopping cart system. OpenCart is an open source PHP-based online e-commerce solution.
zhukov/webogram,8062,1634880,"{'JavaScript/TypeScript': 0.6259, 'C/C++': 0.056}",https://github.com/zhukov/webogram,"Telegram web application, GPL v3"
cross-rs/cross,8047,851675,"{'Rust': 0.588, 'Python': 0.0733}",https://github.com/cross-rs/cross,“Zero setup” cross compilation and “cross testing” of Rust crates
rommapp/romm,8046,3891267,"{'Python': 0.6475, 'JavaScript/TypeScript': 0.0586}",https://github.com/rommapp/romm,"A beautiful, powerful, self-hosted rom manager and player."
datahaven-xyz/datahaven,8040,6763316,"{'Rust': 0.7195, 'JavaScript/TypeScript': 0.2206}",https://github.com/datahaven-xyz/datahaven,"An EVM compatible Substrate chain, powered by StorageHub and secured by EigenLayer"
openedx/openedx-platform,8037,37535843,"{'Python': 0.7607, 'JavaScript/TypeScript': 0.1587}",https://github.com/openedx/openedx-platform,"The Open edX LMS & Studio, powering education sites around the world!"
cortexlabs/cortex,8027,3518754,"{'Go': 0.894, 'Python': 0.0522}",https://github.com/cortexlabs/cortex,Production infrastructure for machine learning at scale
bitsandbytes-foundation/bitsandbytes,8026,931401,"{'Python': 0.7498, 'C/C++': 0.0922}",https://github.com/bitsandbytes-foundation/bitsandbytes,Accessible large language models via k-bit quantization for PyTorch.
cft0808/edict,8023,722543,"{'Python': 0.4216, 'JavaScript/TypeScript': 0.2418}",https://github.com/cft0808/edict,"🏛️ 三省六部制 · OpenClaw Multi-Agent Orchestration System — 9 specialized AI agents with real-time dashboard, model config, and full audit trails"
yangzongzhuan/RuoYi,8014,4411991,"{'JavaScript/TypeScript': 0.3248, 'Java': 0.248}",https://github.com/yangzongzhuan/RuoYi,:tada: (RuoYi)官方仓库 基于SpringBoot的权限管理系统 易读易懂、界面简洁美观。 核心技术采用Spring、MyBatis、Shiro没有任何其它重度依赖。直接运行即可用
usefathom/fathom,7997,155423,"{'Go': 0.5118, 'JavaScript/TypeScript': 0.3118}",https://github.com/usefathom/fathom,"Fathom Lite. Simple, privacy-focused website analytics. Built with Golang & Preact."
mouredev/roadmap-retos-programacion,7991,37461447,"{'Python': 0.4008, 'JavaScript/TypeScript': 0.2427, 'Java': 0.1265}",https://github.com/mouredev/roadmap-retos-programacion,Ruta de estudio basada en ejercicios de código de la comunidad MoureDev para aprender y practicar lógica usando cualquier lenguaje de programación.
Graylog2/graylog2-server,7978,35543481,"{'Java': 0.6899, 'JavaScript/TypeScript': 0.3079}",https://github.com/Graylog2/graylog2-server,Free and open log management
collabnix/dockerlabs,7976,35343454,"{'PHP': 0.5642, 'JavaScript/TypeScript': 0.1478}",https://github.com/collabnix/dockerlabs,Docker  - Beginners | Intermediate | Advanced
MagicStack/asyncpg,7973,1041086,"{'Python': 0.6784, 'C/C++': 0.1028}",https://github.com/MagicStack/asyncpg,A fast PostgreSQL Database Client Library for Python/asyncio.
software-mansion/react-native-svg,7960,6729215,"{'JavaScript/TypeScript': 0.791, 'Java': 0.088, 'C/C++': 0.0505}",https://github.com/software-mansion/react-native-svg,"SVG library for React Native, React Native Web, and plain React web projects."
ijl/orjson,7950,616640,"{'Python': 0.5286, 'Rust': 0.4644}",https://github.com/ijl/orjson,"Fast, correct Python JSON library supporting dataclasses, datetimes, and numpy"
mamba-org/mamba,7949,5481908,"{'C/C++': 0.8742, 'Python': 0.1014}",https://github.com/mamba-org/mamba,The Fast Cross-Platform Package Manager
EstrellaXD/Auto_Bangumi,7946,1406228,"{'Python': 0.6345, 'JavaScript/TypeScript': 0.0938}",https://github.com/EstrellaXD/Auto_Bangumi,AutoBangumi - 全自动追番工具
jessevig/bertviz,7937,649642,"{'Python': 0.8619, 'JavaScript/TypeScript': 0.1138}",https://github.com/jessevig/bertviz,BertViz: Visualize Attention in Transformer Models
the-paperless-project/paperless,7928,913618,"{'Python': 0.2738, 'JavaScript/TypeScript': 0.1761}",https://github.com/the-paperless-project/paperless,"Scan, index, and archive all of your paper documents"
timercrack/trader,7921,1926914,"{'C/C++': 0.7769, 'Python': 0.2045}",https://github.com/timercrack/trader,期货自动交易
fastrepl/char,7917,10861037,"{'JavaScript/TypeScript': 0.4456, 'Rust': 0.4222}",https://github.com/fastrepl/char,AI notepad for meetings
ajenti/ajenti,7907,859402,"{'Python': 0.4572, 'JavaScript/TypeScript': 0.2344}",https://github.com/ajenti/ajenti,Ajenti Core and stock plugins
puma/puma,7881,958728,"{'C/C++': 0.0621, 'Java': 0.0542}",https://github.com/puma/puma,A Ruby/Rack web server built for parallelism
LaurieWired/GhidraMCP,7870,78899,"{'Java': 0.862, 'Python': 0.138}",https://github.com/LaurieWired/GhidraMCP,MCP Server for Ghidra
jwyang/faster-rcnn.pytorch,7862,433775,"{'Python': 0.7421, 'C/C++': 0.1448}",https://github.com/jwyang/faster-rcnn.pytorch,A faster pytorch implementation of faster r-cnn
microsoft/ailab,7859,2403765,"{'JavaScript/TypeScript': 0.187, 'Python': 0.0649}",https://github.com/microsoft/ailab,"Experience, Learn and Code the latest breakthrough innovations with Microsoft AI"
DevinVinson/WordPress-Plugin-Boilerplate,7856,23983,"{'PHP': 0.9219, 'JavaScript/TypeScript': 0.0698}",https://github.com/DevinVinson/WordPress-Plugin-Boilerplate,[WordPress] A foundation for WordPress Plugin Development that aims to provide a clear and consistent guide for building your plugins.
exadel-inc/CompreFace,7828,1956357,"{'Java': 0.4268, 'JavaScript/TypeScript': 0.3349, 'Python': 0.1068}",https://github.com/exadel-inc/CompreFace,Leading free and open-source face recognition system
phpmyadmin/phpmyadmin,7822,11374669,"{'PHP': 0.7424, 'JavaScript/TypeScript': 0.1211}",https://github.com/phpmyadmin/phpmyadmin,A web interface for MySQL and MariaDB
weolar/miniblink49,7802,429857134,"{'C/C++': 0.855, 'JavaScript/TypeScript': 0.0764}",https://github.com/weolar/miniblink49,"a lighter, faster browser kernel of blink to integrate HTML UI in your app. 一个小巧、轻量的浏览器内核，用来取代wke和libcef"
BasedHardware/omi,7792,40099295,"{'C/C++': 0.2653, 'Python': 0.1183, 'JavaScript/TypeScript': 0.067}",https://github.com/BasedHardware/omi,"AI wearables. Put it on, speak, transcribe, automatically"
NexaAI/nexa-sdk,7781,1391858,"{'Go': 0.2968, 'Python': 0.2472}",https://github.com/NexaAI/nexa-sdk,"Run frontier LLMs and VLMs with day-0 model support across GPU, NPU, and CPU, with comprehensive runtime coverage for PC (Python/C++), mobile (Android & iOS), and Linux/IoT (Arm64 & x86 Docker). Supporting OpenAI GPT-OSS, IBM Granite-4, Qwen-3-VL, Gemma-3n, Ministral-3, and more."
facebook/litho,7779,12611482,"{'Java': 0.3522, 'C/C++': 0.0522}",https://github.com/facebook/litho,A declarative framework for building efficient UIs on Android.
kelektiv/node.bcrypt.js,7779,81329,"{'C/C++': 0.5693, 'JavaScript/TypeScript': 0.3815}",https://github.com/kelektiv/node.bcrypt.js,bcrypt for NodeJs
jely2002/youtube-dl-gui,7779,589163,"{'Rust': 0.3697, 'JavaScript/TypeScript': 0.2979}",https://github.com/jely2002/youtube-dl-gui,Open Video Downloader - A cross-platform GUI for youtube-dl made in Rust with Tauri and Vue + Typescript.
homarr-labs/dashboard-icons,7767,778012,"{'JavaScript/TypeScript': 0.9202, 'Python': 0.0615}",https://github.com/homarr-labs/dashboard-icons,Your definitive source for dashboard icons.
greatscottgadgets/hackrf,7763,1852305,"{'C/C++': 0.7417, 'Python': 0.1971}",https://github.com/greatscottgadgets/hackrf,low cost software radio platform
BoundaryML/baml,7740,21701485,"{'Rust': 0.6851, 'JavaScript/TypeScript': 0.1593}",https://github.com/BoundaryML/baml,The AI framework that adds the engineering to prompt engineering (Python/TS/Ruby/Java/C#/Rust/Go compatible)
klzgrad/naiveproxy,7736,36671777,"{'C/C++': 0.833, 'Python': 0.1363}",https://github.com/klzgrad/naiveproxy,Make a fortune quietly
facebookarchive/nuclide,7734,15741569,"{'JavaScript/TypeScript': 0.5879, 'Python': 0.3664}",https://github.com/facebookarchive/nuclide,"An open IDE for web and native mobile development, built on top of Atom "
evilmartians/lefthook,7734,414421,"{'Go': 0.8619, 'JavaScript/TypeScript': 0.0526}",https://github.com/evilmartians/lefthook,Fast and powerful Git hooks manager for any type of projects.
alibaba/higress,7730,8362781,"{'Go': 0.7783, 'C/C++': 0.1547}",https://github.com/alibaba/higress,🤖 AI Gateway | AI Native API Gateway
SciPhi-AI/R2R,7721,3194142,"{'Python': 0.9089, 'JavaScript/TypeScript': 0.088}",https://github.com/SciPhi-AI/R2R,SoTA production-ready AI retrieval system. Agentic Retrieval-Augmented Generation (RAG) with a RESTful API.
sphinx-doc/sphinx,7719,6719809,"{'Python': 0.7259, 'JavaScript/TypeScript': 0.1895}",https://github.com/sphinx-doc/sphinx,The Sphinx documentation generator
github/copilot-sdk,7703,2271087,"{'JavaScript/TypeScript': 0.2734, 'Python': 0.2311, 'Go': 0.1831}",https://github.com/github/copilot-sdk,Multi-platform SDK for integrating GitHub Copilot Agent into apps and services
wang-xinyu/tensorrtx,7702,5680626,"{'C/C++': 0.7775, 'Python': 0.1313}",https://github.com/wang-xinyu/tensorrtx,Implementation of popular deep learning networks with TensorRT network definition API
google-deepmind/alphafold3,7682,1347090,"{'Python': 0.8511, 'C/C++': 0.1396}",https://github.com/google-deepmind/alphafold3,AlphaFold 3 inference pipeline.
fex-team/webuploader,7672,1368671,"{'JavaScript/TypeScript': 0.6619, 'C/C++': 0.1146}",https://github.com/fex-team/webuploader,It's a new file uploader solution! 
InternLM/lmdeploy,7672,7027891,"{'Python': 0.662, 'C/C++': 0.2002}",https://github.com/InternLM/lmdeploy,"LMDeploy is a toolkit for compressing, deploying, and serving LLMs."
pythonstock/stock,7659,340249,"{'Python': 0.5436, 'JavaScript/TypeScript': 0.1402}",https://github.com/pythonstock/stock,stock，股票系统。使用python进行开发。
firerpa/lamda,7658,213681,"{'Python': 0.6467, 'C/C++': 0.2683}",https://github.com/firerpa/lamda," The most powerful Android RPA agent framework, next generation of mobile automation robots."
joerick/pyinstrument,7657,410209,"{'Python': 0.6339, 'JavaScript/TypeScript': 0.1647, 'C/C++': 0.0892}",https://github.com/joerick/pyinstrument,🚴 Call stack profiler for Python. Shows you why your code is slow!
tubearchivist/tubearchivist,7644,1016631,"{'Python': 0.5704, 'JavaScript/TypeScript': 0.3916}",https://github.com/tubearchivist/tubearchivist,Your self hosted YouTube media server
sweepai/sweep,7643,3229857,"{'Python': 0.4479, 'JavaScript/TypeScript': 0.067}",https://github.com/sweepai/sweep,Sweep: AI coding assistant for JetBrains
google/closure-compiler,7633,44592481,"{'JavaScript/TypeScript': 0.5145, 'Java': 0.4844}",https://github.com/google/closure-compiler,A JavaScript checker and optimizer.
frappe/hrms,7629,2698851,"{'Python': 0.7331, 'JavaScript/TypeScript': 0.1463}",https://github.com/frappe/hrms,Open Source HR and Payroll Software
nxtrace/NTrace-core,7614,830264,"{'Go': 0.9087, 'JavaScript/TypeScript': 0.0656}",https://github.com/nxtrace/NTrace-core,"NextTrace, an open source visual route tracking CLI tool"
weaviate/Verba,7605,583767,"{'Python': 0.4828, 'JavaScript/TypeScript': 0.4655}",https://github.com/weaviate/Verba,Retrieval Augmented Generation (RAG) chatbot powered by Weaviate
Azure-Samples/azure-search-openai-demo,7600,1398613,"{'Python': 0.7009, 'JavaScript/TypeScript': 0.1489}",https://github.com/Azure-Samples/azure-search-openai-demo,"A sample app for the Retrieval-Augmented Generation pattern running in Azure, using Azure AI Search for retrieval and Azure OpenAI large language models  to power ChatGPT-style and Q&A experiences."
kata-containers/kata-containers,7593,12372505,"{'Rust': 0.5839, 'Go': 0.2367}",https://github.com/kata-containers/kata-containers,"Kata Containers is an open source project and community working to build a standard implementation of lightweight Virtual Machines (VMs) that feel and perform like containers, but provide the workload isolation and security advantages of VMs. https://katacontainers.io/"
flutter/engine,7585,34341675,"{'C/C++': 0.474, 'Java': 0.0776}",https://github.com/flutter/engine,The Flutter engine
gaogaotiantian/viztracer,7576,641479,"{'Python': 0.6793, 'C/C++': 0.3197}",https://github.com/gaogaotiantian/viztracer,A debugging and profiling tool that can trace and visualize python code execution
chaos-mesh/chaos-mesh,7575,4340271,"{'Go': 0.6146, 'JavaScript/TypeScript': 0.3333}",https://github.com/chaos-mesh/chaos-mesh,A Chaos Engineering Platform for Kubernetes.
napi-rs/napi-rs,7575,1241912,"{'Rust': 0.7856, 'JavaScript/TypeScript': 0.2094}",https://github.com/napi-rs/napi-rs,A framework for building compiled Node.js add-ons in Rust via Node-API
cloudflare/workerd,7570,16397182,"{'C/C++': 0.5258, 'JavaScript/TypeScript': 0.4077}",https://github.com/cloudflare/workerd,The JavaScript / Wasm runtime that powers Cloudflare Workers
xingyizhou/CenterNet,7546,613856,"{'Python': 0.6314, 'C/C++': 0.217}",https://github.com/xingyizhou/CenterNet,"Object detection, 3D detection, and pose estimation using center point detection: "
Orange-Cyberdefense/GOAD,7544,814228,"{'JavaScript/TypeScript': 0.2788, 'Python': 0.2253}",https://github.com/Orange-Cyberdefense/GOAD,game of active directory
ellite/Wallos,7543,2114285,"{'PHP': 0.8039, 'JavaScript/TypeScript': 0.1001}",https://github.com/ellite/Wallos,"Wallos: Open-source, self-hostable personal subscription tracker. Visualize your recurring expenses, manage your budget, and save money."
Project-OSRM/osrm-backend,7540,5967613,"{'C/C++': 0.6533, 'JavaScript/TypeScript': 0.0515}",https://github.com/Project-OSRM/osrm-backend,Open Source Routing Machine - C++ backend
jesse-ai/jesse,7526,26170726,"{'JavaScript/TypeScript': 0.8706, 'Python': 0.1213}",https://github.com/jesse-ai/jesse,An advanced crypto trading bot written in Python
FongMi/TV,7516,1814310,"{'Java': 0.7866, 'JavaScript/TypeScript': 0.1145}",https://github.com/FongMi/TV,
h2oai/h2o-3,7510,80536477,"{'Java': 0.2245, 'Python': 0.1131}",https://github.com/h2oai/h2o-3,"H2O is an Open Source, Distributed, Fast & Scalable Machine Learning Platform: Deep Learning, Gradient Boosting (GBM) & XGBoost, Random Forest, Generalized Linear Modeling (GLM with Elastic Net), K-Means, PCA, Generalized Additive Models (GAM), RuleFit, Support Vector Machine (SVM), Stacked Ensembles, Automatic Machine Learning (AutoML), etc."
pyca/cryptography,7509,3545932,"{'Python': 0.6937, 'Rust': 0.3059}",https://github.com/pyca/cryptography,cryptography is a package designed to expose cryptographic primitives and recipes to Python developers.
Linzaer/Ultra-Light-Fast-Generic-Face-Detector-1MB,7500,502314,"{'Python': 0.6935, 'C/C++': 0.2967}",https://github.com/Linzaer/Ultra-Light-Fast-Generic-Face-Detector-1MB, 💎1MB lightweight face detection model  (1MB轻量级人脸检测模型)
awslabs/agent-squad,7499,782881,"{'Python': 0.6382, 'JavaScript/TypeScript': 0.3615}",https://github.com/awslabs/agent-squad,Flexible and powerful framework for managing multiple AI agents and handling complex conversations
openwrt/luci,7498,5910785,"{'JavaScript/TypeScript': 0.6537, 'C/C++': 0.1749}",https://github.com/openwrt/luci,LuCI - OpenWrt Configuration Interface
snapcast/snapcast,7485,2306067,"{'C/C++': 0.9022, 'Python': 0.0705}",https://github.com/snapcast/snapcast,Synchronous multiroom audio player
alibaba/OpenSandbox,7481,3873438,"{'Python': 0.4491, 'Go': 0.2503, 'JavaScript/TypeScript': 0.0731}",https://github.com/alibaba/OpenSandbox,"OpenSandbox is a general-purpose sandbox platform for AI applications, offering multi-language SDKs, unified sandbox APIs, and Docker/Kubernetes runtimes for scenarios like Coding Agents, GUI Agents, Agent Evaluation, AI Code Execution, and RL Training."
Genymobile/gnirehtet,7478,436251,"{'Java': 0.4993, 'Rust': 0.4969}",https://github.com/Genymobile/gnirehtet,Gnirehtet provides reverse tethering for Android
r0ysue/r0capture,7455,43385,"{'Python': 0.6779, 'JavaScript/TypeScript': 0.3221}",https://github.com/r0ysue/r0capture,安卓应用层抓包通杀脚本
enso-org/enso,7436,22259376,"{'Java': 0.3456, 'JavaScript/TypeScript': 0.2529, 'Rust': 0.0853}",https://github.com/enso-org/enso,Enso Analytics is a self-service data prep and analysis platform designed for data teams.
cjbassi/gotop,7417,96182,"{'Go': 0.7188, 'C/C++': 0.2509}",https://github.com/cjbassi/gotop,A terminal based graphical activity monitor inspired by gtop and vtop
nonebot/nonebot2,7411,920444,"{'Python': 0.6251, 'JavaScript/TypeScript': 0.1418}",https://github.com/nonebot/nonebot2,跨平台 Python 异步聊天机器人框架 / Asynchronous multi-platform chatbot framework written in Python
alvr-org/ALVR,7407,1781722,"{'Rust': 0.6754, 'C/C++': 0.3062}",https://github.com/alvr-org/ALVR,Stream VR games from your PC to your headset via Wi-Fi
dyc87112/SpringCloud-Learning,7401,1606342,"{'Java': 0.5599, 'JavaScript/TypeScript': 0.2314}",https://github.com/dyc87112/SpringCloud-Learning,Spring Cloud基础教程，持续连载更新中
hybridgroup/gocv,7400,1595124,"{'Go': 0.708, 'C/C++': 0.2746}",https://github.com/hybridgroup/gocv,"Go package for computer vision using OpenCV 4 and beyond. Includes support for DNN, CUDA, OpenCV Contrib, and OpenVINO."
EleutherAI/gpt-neox,7399,1254633,"{'Python': 0.8536, 'C/C++': 0.1132}",https://github.com/EleutherAI/gpt-neox,"An implementation of model parallel autoregressive transformers on GPUs, based on the Megatron and DeepSpeed libraries"
ekzhang/sshx,7397,277310,"{'Rust': 0.4536, 'JavaScript/TypeScript': 0.2903}",https://github.com/ekzhang/sshx,"Fast, collaborative live terminal sharing over the web"
lining0806/PythonSpiderNotes,7388,60186,"{'Python': 0.6409, 'Java': 0.3583}",https://github.com/lining0806/PythonSpiderNotes,Python入门网络爬虫之精华版
boltgolt/howdy,7387,188587,"{'Python': 0.8101, 'C/C++': 0.1074}",https://github.com/boltgolt/howdy,🛡️ Windows Hello™ style facial authentication for Linux
gocd/gocd,7382,28608970,"{'Java': 0.6834, 'JavaScript/TypeScript': 0.1805}",https://github.com/gocd/gocd,GoCD - Continuous Delivery server main repository
jerryscript-project/jerryscript,7376,8692291,"{'C/C++': 0.7058, 'JavaScript/TypeScript': 0.2507}",https://github.com/jerryscript-project/jerryscript,Ultra-lightweight JavaScript engine for the Internet of Things.
tutao/tutanota,7353,32511471,"{'JavaScript/TypeScript': 0.5937, 'C/C++': 0.3138}",https://github.com/tutao/tutanota,"Tuta is an email service with a strong focus on security and privacy that lets you encrypt emails, contacts and calendar entries on all your devices."
samuelclay/NewsBlur,7345,16997880,"{'Python': 0.2583, 'JavaScript/TypeScript': 0.1947}",https://github.com/samuelclay/NewsBlur,NewsBlur is a personal news reader that brings people together to talk about the world. A new sound of an old instrument.
ramensoftware/windhawk,7336,1283838,"{'C/C++': 0.4698, 'JavaScript/TypeScript': 0.442, 'Python': 0.0852}",https://github.com/ramensoftware/windhawk,The customization marketplace for Windows programs: https://windhawk.net/
zeux/meshoptimizer,7329,1139804,"{'C/C++': 0.7709, 'JavaScript/TypeScript': 0.2094}",https://github.com/zeux/meshoptimizer,Mesh optimization library that makes meshes smaller and faster to render
liangliangyy/DjangoBlog,7327,927080,"{'Python': 0.6492, 'JavaScript/TypeScript': 0.0503}",https://github.com/liangliangyy/DjangoBlog,🍺基于Django的博客系统
arkime/arkime,7321,7575207,"{'C/C++': 0.277, 'JavaScript/TypeScript': 0.2471}",https://github.com/arkime/arkime,"Arkime is an open source, large scale, full packet capturing, indexing, and database system."
bup/bup,7317,1279648,"{'Python': 0.6917, 'C/C++': 0.1083}",https://github.com/bup/bup,"Very efficient backup system based on the git packfile format, providing fast incremental saves and global deduplication (among and within files, including virtual machine images). Please post problems or patches to the mailing list for discussion (see the end of the README below)."
FastLED/FastLED,7313,19595363,"{'C/C++': 0.7528, 'Python': 0.2075}",https://github.com/FastLED/FastLED,"The FastLED library for colored LED animation on Arduino.  Please direct questions/requests for help to the FastLED Reddit community: http://fastled.io/r   We'd like to use github ""issues"" just for tracking library bugs / enhancements. "
GUI-for-Cores/GUI.for.SingBox,7292,770380,"{'JavaScript/TypeScript': 0.4468, 'Go': 0.0637}",https://github.com/GUI-for-Cores/GUI.for.SingBox,"Modern, lightweight desktop app built with Wails (Go) and Vue 3. Efficient, cross-platform, and fast."
Hackl0us/GeoIP2-CN,7290,7235,"{'Go': 0.7516, 'C/C++': 0.2319}",https://github.com/Hackl0us/GeoIP2-CN,小巧精悍、准确、实用 GeoIP2 数据库
libfuse/sshfs,7285,159987,"{'C/C++': 0.8262, 'Python': 0.1317}",https://github.com/libfuse/sshfs,A network filesystem client to connect to SSH servers
gorakhargosh/watchdog,7275,466150,"{'Python': 0.7879, 'C/C++': 0.21}",https://github.com/gorakhargosh/watchdog,Python library and shell utilities to monitor filesystem events.
Yelp/dumb-init,7263,48762,"{'Python': 0.6636, 'C/C++': 0.232}",https://github.com/Yelp/dumb-init,A minimal init system for Linux containers
PaddlePaddle/Paddle-Lite,7232,29702524,"{'C/C++': 0.859, 'Python': 0.0764}",https://github.com/PaddlePaddle/Paddle-Lite,PaddlePaddle High Performance Deep Learning Inference Engine for Mobile and Edge (飞桨高性能深度学习端侧推理引擎）
trentm/node-bunyan,7232,245148,"{'JavaScript/TypeScript': 0.7919, 'Python': 0.0901}",https://github.com/trentm/node-bunyan,a simple and fast JSON logging module for node.js services
lipku/LiveTalking,7211,721209,"{'Python': 0.7363, 'JavaScript/TypeScript': 0.1506}",https://github.com/lipku/LiveTalking,Real time interactive streaming digital human
NVIDIA/garak,7205,3692360,"{'Python': 0.4294, 'JavaScript/TypeScript': 0.0991}",https://github.com/NVIDIA/garak,the LLM vulnerability scanner
carpedm20/DCGAN-tensorflow,7204,188569,"{'JavaScript/TypeScript': 0.4962, 'Python': 0.2503}",https://github.com/carpedm20/DCGAN-tensorflow,"A tensorflow implementation of ""Deep Convolutional Generative Adversarial Networks"""
bmax121/APatch,7201,813084,"{'Rust': 0.1461, 'C/C++': 0.1018, 'Java': 0.0613}",https://github.com/bmax121/APatch,The patching of Android kernel and Android system
stanfordnlp/GloVe,7196,95980,"{'C/C++': 0.7065, 'Python': 0.0985}",https://github.com/stanfordnlp/GloVe,"Software in C and data files for the popular GloVe model for distributed word representations, a.k.a. word vectors or embeddings"
didi/KnowStreaming,7178,4249659,"{'Java': 0.6517, 'JavaScript/TypeScript': 0.2914}",https://github.com/didi/KnowStreaming,一站式云原生实时流数据平台，通过0侵入、插件化构建企业级Kafka服务，极大降低操作、存储和管理实时流数据门槛
versatica/mediasoup,7174,5697386,"{'C/C++': 0.632, 'Rust': 0.234, 'JavaScript/TypeScript': 0.1221}",https://github.com/versatica/mediasoup,Cutting Edge WebRTC Video Conferencing
PixarAnimationStudios/OpenUSD,7144,65400982,"{'C/C++': 0.8703, 'Python': 0.104}",https://github.com/PixarAnimationStudios/OpenUSD,Universal Scene Description
asg017/sqlite-vec,7142,576025,"{'C/C++': 0.6244, 'Python': 0.2871}",https://github.com/asg017/sqlite-vec,A vector search SQLite extension that runs anywhere!
afadil/wealthfolio,7136,10042146,"{'Rust': 0.4987, 'JavaScript/TypeScript': 0.4981}",https://github.com/afadil/wealthfolio,A Beautiful Private and Secure Desktop Investment Tracking Application
mher/flower,7124,252403,"{'Python': 0.7765, 'JavaScript/TypeScript': 0.0916}",https://github.com/mher/flower,Real-time monitor and web admin for Celery distributed task queue
me115/design_patterns,7122,131142,"{'C/C++': 0.6525, 'Python': 0.0823}",https://github.com/me115/design_patterns,图说设计模式
apache/hertzbeat,7118,9206685,"{'Java': 0.6668, 'JavaScript/TypeScript': 0.1143}",https://github.com/apache/hertzbeat,An AI-powered next-generation open source real-time observability system.
thunlp/WantWords,7117,282515,"{'JavaScript/TypeScript': 0.4407, 'Python': 0.1501}",https://github.com/thunlp/WantWords,An open-source online reverse dictionary.
tensorflow/tensorboard,7117,9837078,"{'JavaScript/TypeScript': 0.6101, 'Python': 0.2707}",https://github.com/tensorflow/tensorboard,TensorFlow's Visualization Toolkit
Qiskit/qiskit,7117,17947181,"{'Python': 0.7129, 'Rust': 0.2669}",https://github.com/Qiskit/qiskit,"Qiskit is an open-source SDK for working with quantum computers at the level of extended quantum circuits, operators, and primitives."
alibaba/AndFix,6997,108725,"{'C/C++': 0.7246, 'Java': 0.2687}",https://github.com/alibaba/AndFix,AndFix is a library that offer hot-fix for Android App.
taobao/nginx-book,6986,62220,"{'Python': 0.5509, 'JavaScript/TypeScript': 0.0728}",https://github.com/taobao/nginx-book,Nginx开发从入门到精通
HuLaSpark/HuLa,6985,3235015,"{'JavaScript/TypeScript': 0.3042, 'Rust': 0.1429}",https://github.com/HuLaSpark/HuLa,"🍀 A cross-platform instant messaging desktop application with exceptional performance built on Rust + Vue3, compatible with Windows, macOS, Linux, Android, and iOS（一款基于Rust+Vue3极致性能的跨平台即时通讯桌面应用，兼容Windows、MacOS、Linux、Android、IOS）"
Dolibarr/dolibarr,6985,83515450,"{'PHP': 0.9244, 'JavaScript/TypeScript': 0.058}",https://github.com/Dolibarr/dolibarr,"Dolibarr ERP CRM is a modern software package to manage your company or foundation's activity (contacts, suppliers, invoices, orders, stocks, agenda, accounting, ...). it's an open source Web application (written in PHP) designed for businesses of any sizes, foundations and freelancers."
guardicore/monkey,6973,2300887,"{'Python': 0.6387, 'JavaScript/TypeScript': 0.2306}",https://github.com/guardicore/monkey,Infection Monkey - An open-source adversary emulation platform
cosmos/cosmos-sdk,6946,11409820,"{'Go': 0.9256, 'C/C++': 0.0584}",https://github.com/cosmos/cosmos-sdk,:chains: A Framework for Building High Value Public Blockchains :sparkles:
TigerVNC/tigervnc,6940,5476853,"{'C/C++': 0.6398, 'Java': 0.3194}",https://github.com/TigerVNC/tigervnc,"High performance, multi-platform VNC client and server"
jgraph/mxgraph,6919,21614940,"{'JavaScript/TypeScript': 0.2883, 'Java': 0.11}",https://github.com/jgraph/mxgraph,mxGraph is a fully client side JavaScript diagramming library
moodle/moodle,6903,321309126,"{'PHP': 0.8604, 'JavaScript/TypeScript': 0.0919}",https://github.com/moodle/moodle,Moodle - the world's open source learning platform
NVlabs/stylegan3,6902,624920,"{'Python': 0.7843, 'C/C++': 0.0522}",https://github.com/NVlabs/stylegan3,Official PyTorch implementation of StyleGAN3
Alex313031/thorium,6878,4533197,"{'C/C++': 0.8007, 'Python': 0.0583}",https://github.com/Alex313031/thorium,"Chromium fork named after radioactive element No. 90. Source code and Linux releases. Windows/MacOS/ARM builds served in different repos, links are towards the top of the README.md."
rabbitmq/rabbitmq-tutorials,6864,514108,"{'Java': 0.1796, 'PHP': 0.0911, 'Rust': 0.0863, 'Go': 0.0621}",https://github.com/rabbitmq/rabbitmq-tutorials,Tutorials for using RabbitMQ in various ways
princeton-vl/infinigen,6858,9744010,"{'Python': 0.876, 'C/C++': 0.1036}",https://github.com/princeton-vl/infinigen,Infinite Photorealistic Worlds using Procedural Generation
EcoPasteHub/EcoPaste,6851,182570,"{'JavaScript/TypeScript': 0.8516, 'Rust': 0.1408}",https://github.com/EcoPasteHub/EcoPaste,🎉跨平台的剪贴板管理工具 | Cross-platform clipboard management tool
roundcube/roundcubemail,6840,13260646,"{'PHP': 0.9038, 'JavaScript/TypeScript': 0.0693}",https://github.com/roundcube/roundcubemail,The Roundcube Webmail suite
mullvad/mullvadvpn-app,6839,13295256,"{'Rust': 0.3402, 'JavaScript/TypeScript': 0.1458}",https://github.com/mullvad/mullvadvpn-app,The Mullvad VPN client app for desktop and mobile
aceberg/WatchYourLAN,6825,103946,"{'Go': 0.5406, 'JavaScript/TypeScript': 0.4286}",https://github.com/aceberg/WatchYourLAN,"Lightweight network IP scanner written in Go. With notifications, history, export to Grafana"
vespa-engine/vespa,6818,73646142,"{'Java': 0.521, 'C/C++': 0.4476}",https://github.com/vespa-engine/vespa,"AI + Data, online. https://vespa.ai"
interpretml/interpret,6811,4197191,"{'C/C++': 0.5913, 'Python': 0.3621}",https://github.com/interpretml/interpret,Fit interpretable models. Explain blackbox machine learning. 
patriciogonzalezvivo/thebookofshaders,6805,344197,"{'PHP': 0.116, 'Python': 0.0509}",https://github.com/patriciogonzalezvivo/thebookofshaders,Step-by-step guide through the abstract and complex universe of Fragment Shaders.
elementor/elementor,6796,18734006,"{'PHP': 0.3735, 'JavaScript/TypeScript': 0.5808}",https://github.com/elementor/elementor,"The most advanced frontend drag & drop page builder. Create high-end, pixel perfect websites at record speeds. Any theme, any page, any design."
zo0r/react-native-push-notification,6793,158347,"{'Java': 0.6691, 'JavaScript/TypeScript': 0.2773}",https://github.com/zo0r/react-native-push-notification,React Native Local and Remote Notifications
InternLM/MindSearch,6791,1038334,"{'JavaScript/TypeScript': 0.802, 'Python': 0.1553}",https://github.com/InternLM/MindSearch,🔍 An LLM-based Multi-agent Framework of Web Search Engine (like Perplexity.ai Pro and SearchGPT)
Ackites/Nrfr,6784,120601,"{'JavaScript/TypeScript': 0.417, 'Go': 0.1053}",https://github.com/Ackites/Nrfr,🌍 免 Root 的 SIM 卡国家码修改工具 | 解决国际漫游时的兼容性问题，帮助使用海外 SIM 卡获得更好的本地化体验，解锁运营商限制，突破区域限制
feast-dev/feast,6778,7691928,"{'Python': 0.747, 'Go': 0.1323, 'JavaScript/TypeScript': 0.0626}",https://github.com/feast-dev/feast,The Open Source Feature Store for AI/ML
yanfeizhang/coder-kung-fu,6775,100700,"{'C/C++': 0.5844, 'PHP': 0.1677, 'Java': 0.0619}",https://github.com/yanfeizhang/coder-kung-fu,开发内功修炼
facebook/sapling,6759,57808638,"{'Rust': 0.4654, 'Python': 0.1802, 'C/C++': 0.0997, 'JavaScript/TypeScript': 0.0931}",https://github.com/facebook/sapling,"A Scalable, User-Friendly Source Control System."
python-eel/Eel,6758,56584,"{'Python': 0.8279, 'JavaScript/TypeScript': 0.1328}",https://github.com/python-eel/Eel,A little Python library for making simple Electron-like HTML/JS GUI apps
langchain-ai/opengpts,6752,1935173,"{'JavaScript/TypeScript': 0.2546, 'Python': 0.0616}",https://github.com/langchain-ai/opengpts,
vicinaehq/vicinae,6736,4490979,"{'C/C++': 0.8184, 'JavaScript/TypeScript': 0.0752}",https://github.com/vicinaehq/vicinae,"A focused launcher for your desktop — native, fast, extensible"
postgresml/postgresml,6731,2137638,"{'Rust': 0.625, 'JavaScript/TypeScript': 0.1188, 'Python': 0.061}",https://github.com/postgresml/postgresml,Postgres with GPUs for ML/AI apps.
MineDojo/Voyager,6731,263257,"{'JavaScript/TypeScript': 0.6646, 'Python': 0.3354}",https://github.com/MineDojo/Voyager,An Open-Ended Embodied Agent with Large Language Models
francescopace/espectre,6724,1404630,"{'Python': 0.5962, 'C/C++': 0.3091}",https://github.com/francescopace/espectre,"🛜 ESPectre 👻  - Motion detection system based on Wi-Fi spectre analysis (CSI), with Home Assistant integration."
googleforgames/agones,6717,6558782,"{'Go': 0.4099, 'C/C++': 0.2764, 'JavaScript/TypeScript': 0.1868}",https://github.com/googleforgames/agones,Dedicated Game Server Hosting and Scaling for Multiplayer Games on Kubernetes
hatchet-dev/hatchet,6715,13466341,"{'Go': 0.2683, 'Python': 0.2428, 'JavaScript/TypeScript': 0.1862}",https://github.com/hatchet-dev/hatchet,🪓 Run Background Tasks at Scale
Sigil-Ebook/Sigil,6707,7767570,"{'C/C++': 0.771, 'Python': 0.1964}",https://github.com/Sigil-Ebook/Sigil,Sigil is a multi-platform EPUB ebook editor
648540858/wvp-GB28181-pro,6695,5442768,"{'Java': 0.6491, 'JavaScript/TypeScript': 0.145}",https://github.com/648540858/wvp-GB28181-pro,基于GB28181-2016、部标808、部标1078标准实现的开箱即用的网络视频平台。自带管理页面，支持NAT穿透，支持海康、大华、宇视等品牌的IPC、NVR接入。支持国标级联，支持将普通摄像机/直播流/直播推流转国标共享到国标平台。
s-macke/VoxelSpace,6695,38743,"{'C/C++': 0.392, 'Python': 0.2119}",https://github.com/s-macke/VoxelSpace,Terrain rendering algorithm in less than 20 lines of code
flarum/framework,6693,4624308,"{'PHP': 0.6199, 'JavaScript/TypeScript': 0.3296}",https://github.com/flarum/framework,Simple forum software for building great communities.
iflytek/astron-rpa,6683,8950942,"{'Java': 0.3252, 'Python': 0.3165, 'JavaScript/TypeScript': 0.1594}",https://github.com/iflytek/astron-rpa,Agent-ready RPA suite with out-of-the-box automation tools. Built for individuals and enterprises.
dtolnay/cxx,6680,890476,"{'Rust': 0.8511, 'C/C++': 0.124}",https://github.com/dtolnay/cxx,Safe interop between Rust and C++
raycast/script-commands,6677,975172,"{'Python': 0.1187, 'JavaScript/TypeScript': 0.0651}",https://github.com/raycast/script-commands,Script Commands let you tailor Raycast to your needs. Think of them as little productivity boosts throughout your day.
apache/storm,6672,16402481,"{'Java': 0.8358, 'Python': 0.075}",https://github.com/apache/storm,Apache Storm
kreuzberg-dev/kreuzberg,6666,28189198,"{'Rust': 0.4146, 'JavaScript/TypeScript': 0.0869}",https://github.com/kreuzberg-dev/kreuzberg,"A polyglot document intelligence framework with a Rust core. Extract text, metadata, and structured information from PDFs, Office documents, images, and 76+ formats. Available for Rust, Python, Ruby, Java, Go, PHP, Elixir, C#, R, C, TypeScript (Node/Bun/Wasm/Deno)- or use via CLI, REST API, or MCP server."
spdustin/ChatGPT-AutoExpert,6666,100007,"{'JavaScript/TypeScript': 0.8114, 'Python': 0.1886}",https://github.com/spdustin/ChatGPT-AutoExpert,🚀🧠💬 Supercharged Custom Instructions for ChatGPT (non-coding) and ChatGPT Advanced Data Analysis (coding). 
react-native-device-info/react-native-device-info,6665,405135,"{'JavaScript/TypeScript': 0.5725, 'Java': 0.1696, 'C/C++': 0.0905}",https://github.com/react-native-device-info/react-native-device-info,Device Information for React Native iOS and Android
DenverCoder1/github-readme-streak-stats,6650,270066,"{'PHP': 0.8665, 'JavaScript/TypeScript': 0.0929}",https://github.com/DenverCoder1/github-readme-streak-stats,"🔥 Stay motivated and show off your contribution streak! 🌟 Display your total contributions, current streak, and longest streak on your GitHub profile README"
fool2fish/dragon-book-exercise-answers,6640,22728,"{'C/C++': 0.1987, 'Java': 0.1272, 'JavaScript/TypeScript': 0.078}",https://github.com/fool2fish/dragon-book-exercise-answers,"Compilers Principles, Techniques, & Tools (purple dragon book) second edition exercise answers. 编译原理（紫龙书）第2版习题答案。"
warp-tech/warpgate,6640,1515653,"{'Rust': 0.672, 'Python': 0.1092}",https://github.com/warp-tech/warpgate,"Fully transparent SSH, HTTPS, MySQL and Postgres bastion/PAM that doesn't need additional client-side software"
MemTensor/MemOS,6630,6972323,"{'Python': 0.6882, 'JavaScript/TypeScript': 0.3077}",https://github.com/MemTensor/MemOS,"AI memory OS for LLM and Agent systems(moltbot,clawdbot,openclaw), enabling persistent Skill memory for cross-task skill reuse and evolution."
Yin-Hongwei/music-website,6622,333351,"{'Java': 0.3448, 'JavaScript/TypeScript': 0.1388}",https://github.com/Yin-Hongwei/music-website,🎧 Vue + SpringBoot + MyBatis 音乐网站
python-pendulum/pendulum,6621,811972,"{'Python': 0.9256, 'Rust': 0.0734}",https://github.com/python-pendulum/pendulum,Python datetimes made easy
pinchtab/pinchtab,6610,1921606,"{'Go': 0.7255, 'JavaScript/TypeScript': 0.1545}",https://github.com/pinchtab/pinchtab,High-performance browser automation bridge and multi-instance orchestrator with advanced stealth injection and real-time dashboard.
apache/zeppelin,6606,12950413,"{'Java': 0.586, 'JavaScript/TypeScript': 0.1689}",https://github.com/apache/zeppelin,"Web-based notebook that enables data-driven, interactive data analytics and collaborative documents with SQL, Scala and more."
inventree/InvenTree,6598,7203771,"{'Python': 0.6829, 'JavaScript/TypeScript': 0.3027}",https://github.com/inventree/InvenTree,Open Source Inventory Management System
oppia/oppia,6590,46166459,"{'Python': 0.4676, 'JavaScript/TypeScript': 0.4601}",https://github.com/oppia/oppia,"A free, online learning platform to make quality education accessible for all."
brython-dev/brython,6586,33303217,"{'Python': 0.7068, 'JavaScript/TypeScript': 0.1353}",https://github.com/brython-dev/brython,Brython (Browser Python) is an implementation of Python 3 running in the browser
imsyy/SPlayer,6577,2654541,"{'JavaScript/TypeScript': 0.5509, 'Rust': 0.0755}",https://github.com/imsyy/SPlayer,"🎵 A cross-platform music player with Jellyfin / Navidrome / Emby media server support, word-by-word lyrics, desktop & taskbar lyrics, cloud music drive, local library management, audio spectrum visualization and mobile-friendly UI. 简约的跨平台音乐播放器，支持逐字歌词、桌面歌词、任务栏歌词、云盘音乐、本地音乐管理及流媒体播放"
CTFd/CTFd,6555,2684705,"{'Python': 0.5751, 'JavaScript/TypeScript': 0.2001}",https://github.com/CTFd/CTFd,CTFs as you need them
openmediavault/openmediavault,6548,4917049,"{'PHP': 0.329, 'JavaScript/TypeScript': 0.2766, 'Python': 0.1222}",https://github.com/openmediavault/openmediavault,openmediavault is the next generation network attached storage (NAS) solution based on Debian Linux. Thanks to the modular design of the framework it can be enhanced via plugins. openmediavault is primarily designed to be used in home environments or small home offices.
prefix-dev/pixi,6547,6106212,"{'Rust': 0.8685, 'Python': 0.1205}",https://github.com/prefix-dev/pixi,"Powerful system-level package manager for Linux, macOS and Windows written in Rust – building on top of the Conda ecosystem."
facebookresearch/metaseq,6543,1817884,"{'Python': 0.8021, 'C/C++': 0.0645}",https://github.com/facebookresearch/metaseq,Repo for external large-scale work
gtsteffaniak/filebrowser,6534,3158245,"{'Go': 0.5086, 'JavaScript/TypeScript': 0.1375}",https://github.com/gtsteffaniak/filebrowser,📂 Web File Browser
danmar/cppcheck,6532,14885060,"{'C/C++': 0.909, 'Python': 0.0706}",https://github.com/danmar/cppcheck,static analysis of C/C++ code
mesop-dev/mesop,6519,1847749,"{'Python': 0.6129, 'JavaScript/TypeScript': 0.2741}",https://github.com/mesop-dev/mesop,Rapidly build AI apps in Python
simple-login/app,6504,4365952,"{'Python': 0.4984, 'JavaScript/TypeScript': 0.1116}",https://github.com/simple-login/app,The SimpleLogin back-end and web app
phoboslab/jsmpeg,6494,233887,"{'JavaScript/TypeScript': 0.6109, 'C/C++': 0.373}",https://github.com/phoboslab/jsmpeg,MPEG1 Video Decoder in JavaScript
crestalnetwork/intentkit,6490,3396356,"{'Python': 0.916, 'JavaScript/TypeScript': 0.0777}",https://github.com/crestalnetwork/intentkit,"IntentKit is an open-source, self-hosted cloud agent cluster that manages a collaborative team of AI agents for you."
SteamDeckHomebrew/decky-loader,6490,394162,"{'JavaScript/TypeScript': 0.5743, 'Python': 0.3993}",https://github.com/SteamDeckHomebrew/decky-loader,A plugin loader for the Steam Deck.
wesnoth/wesnoth,6488,14278750,"{'C/C++': 0.7275, 'Python': 0.0882}",https://github.com/wesnoth/wesnoth,"An open source, turn-based strategy game with a high fantasy theme."
Zipstack/unstract,6478,7031904,"{'Python': 0.7917, 'JavaScript/TypeScript': 0.1676}",https://github.com/Zipstack/unstract,LLM-Driven Extraction of Unstructured Data — Built for API Deployments & ETL Pipeline Workflows
littlefs-project/littlefs,6474,1701004,"{'C/C++': 0.6828, 'Python': 0.3084}",https://github.com/littlefs-project/littlefs,A little fail-safe filesystem designed for microcontrollers
scikit-image/scikit-image,6472,4368787,"{'Python': 0.803, 'C/C++': 0.0641}",https://github.com/scikit-image/scikit-image,Image processing in Python
superagent-ai/superagent,6457,447513,"{'JavaScript/TypeScript': 0.5803, 'Python': 0.4197}",https://github.com/superagent-ai/superagent,"Superagent protects your AI applications against prompt injections, data leaks, and harmful outputs. Embed safety directly into your app and prove compliance to your customers."
mixxxdj/mixxx,6455,21649710,"{'C/C++': 0.6356, 'JavaScript/TypeScript': 0.2623}",https://github.com/mixxxdj/mixxx,Mixxx is Free DJ software that gives you everything you need to perform live mixes.
nayuki/QR-Code-generator,6453,628984,"{'Java': 0.3507, 'Rust': 0.1914, 'C/C++': 0.254, 'JavaScript/TypeScript': 0.0977, 'Python': 0.0829}",https://github.com/nayuki/QR-Code-generator,"High-quality QR Code generator library in Java, TypeScript/JavaScript, Python, Rust, C++, C."
microsoft/nlp-recipes,6448,976690,"{'Python': 0.9274, 'C/C++': 0.0621}",https://github.com/microsoft/nlp-recipes,Natural Language Processing Best Practices & Examples
yuantuo666/baiduwp-php,6446,205241,"{'PHP': 0.4339, 'JavaScript/TypeScript': 0.112}",https://github.com/yuantuo666/baiduwp-php,A tool to get the download link of the Baidu netdisk / 一个获取百度网盘分享链接下载地址的工具
googlecreativelab/anypixel,6446,845515,"{'JavaScript/TypeScript': 0.763, 'C/C++': 0.2196}",https://github.com/googlecreativelab/anypixel,A web-friendly way for anyone to build unusual displays
flashlight/wav2letter,6445,1020832,"{'C/C++': 0.5147, 'Python': 0.2359}",https://github.com/flashlight/wav2letter,Facebook AI Research's Automatic Speech Recognition Toolkit 
retorquere/zotero-better-bibtex,6434,1531311,"{'JavaScript/TypeScript': 0.5823, 'Python': 0.1037}",https://github.com/retorquere/zotero-better-bibtex,Make Zotero effective for us LaTeX holdouts
sinelaw/fresh,6433,13467533,"{'Rust': 0.9249, 'JavaScript/TypeScript': 0.0625}",https://github.com/sinelaw/fresh,"Terminal based IDE & text editor: easy, powerful and fast"
thedevdojo/wave,6432,5877382,"{'PHP': 0.1021, 'JavaScript/TypeScript': 0.0839}",https://github.com/thedevdojo/wave,"Wave - The Software as a Service Starter Kit, designed to help you build the SAAS of your dreams 🚀 💰 "
TryGhost/node-sqlite3,6424,744623,"{'JavaScript/TypeScript': 0.1448, 'C/C++': 0.1403}",https://github.com/TryGhost/node-sqlite3,SQLite3 bindings for Node.js
jverkoey/nimbus,6416,1739562,"{'Python': 0.0561, 'C/C++': 0.0539}",https://github.com/jverkoey/nimbus,The iOS framework that grows only as fast as its documentation
open-mmlab/mmcv,6411,3949905,"{'Python': 0.3858, 'C/C++': 0.344}",https://github.com/open-mmlab/mmcv,OpenMMLab Computer Vision Foundation
Netflix/dispatch,6399,5273552,"{'Python': 0.5385, 'JavaScript/TypeScript': 0.1685}",https://github.com/Netflix/dispatch,"All of the ad-hoc things you're doing to manage incidents today, done for you, and much more!"
ethereum-optimism/optimism,6397,27252876,"{'Go': 0.5474, 'Rust': 0.2026}",https://github.com/ethereum-optimism/optimism,"Optimism is Ethereum, scaled."
cocoindex-io/cocoindex,6392,1949942,"{'Rust': 0.6877, 'Python': 0.3088}",https://github.com/cocoindex-io/cocoindex,"Data transformation framework for AI. Ultra performant, with incremental processing.  🌟 Star if you like it!"
moonlight-stream/moonlight-android,6388,2822304,"{'C/C++': 0.6141, 'Java': 0.3817}",https://github.com/moonlight-stream/moonlight-android,GameStream client for Android
photoview/photoview,6383,844712,"{'JavaScript/TypeScript': 0.5044, 'Go': 0.4712}",https://github.com/photoview/photoview,Photo gallery for self-hosted personal servers
tony9402/baekjoon,6382,491889,"{'C/C++': 0.3562, 'Python': 0.3465, 'Java': 0.2974}",https://github.com/tony9402/baekjoon,코딩테스트 대비 문제집(Baekjoon Online Judge)
kalcaddle/KodExplorer,6382,3692822,"{'PHP': 0.6252, 'JavaScript/TypeScript': 0.1417}",https://github.com/kalcaddle/KodExplorer,"A web based file manager,web IDE / browser based code editor"
pixie-io/pixie,6372,17998726,"{'C/C++': 0.5476, 'Go': 0.2193, 'JavaScript/TypeScript': 0.0996}",https://github.com/pixie-io/pixie,Instant Kubernetes-Native Application Observability
electerious/Lychee,6370,420090,"{'PHP': 0.4787, 'JavaScript/TypeScript': 0.3131}",https://github.com/electerious/Lychee,"A great looking and easy-to-use photo-management-system you can run on your server, to manage and share photos."
nat/openplayground,6368,302583,"{'JavaScript/TypeScript': 0.6508, 'Python': 0.3297}",https://github.com/nat/openplayground,An LLM playground you can run on your laptop
doxygen/doxygen,6363,13921425,"{'C/C++': 0.7125, 'Python': 0.1097}",https://github.com/doxygen/doxygen,Official doxygen git repository
sigalor/whatsapp-web-reveng,6357,165456,"{'JavaScript/TypeScript': 0.5747, 'Python': 0.2478}",https://github.com/sigalor/whatsapp-web-reveng,Reverse engineering WhatsApp Web.
DEAP/deap,6349,434070,"{'Python': 0.8773, 'C/C++': 0.1227}",https://github.com/DEAP/deap,Distributed Evolutionary Algorithms in Python
wasabeef/richeditor-android,6345,29622,"{'Java': 0.6065, 'JavaScript/TypeScript': 0.3458}",https://github.com/wasabeef/richeditor-android,RichEditor for Android is a beautiful Rich Text WYSIWYG Editor for Android.
ivpusic/react-native-image-crop-picker,6341,213968,"{'Java': 0.3101, 'JavaScript/TypeScript': 0.0545}",https://github.com/ivpusic/react-native-image-crop-picker,"iOS/Android image picker with support for camera, video, configurable compression, multiple images and cropping"
liuxinyu95/AlgoXY,6331,2927731,"{'Python': 0.0848, 'C/C++': 0.0909}",https://github.com/liuxinyu95/AlgoXY,Book of Elementary Functional Algorithms and Data structures
freeok/so-novel,6320,272990,"{'Java': 0.7686, 'JavaScript/TypeScript': 0.0844}",https://github.com/freeok/so-novel,小说下载｜网文下载 | 网络小说
zu1k/book-searcher,6317,135330,"{'JavaScript/TypeScript': 0.6501, 'Rust': 0.311}",https://github.com/zu1k/book-searcher,"Easy and blazing-fast book searcher, create and search your private library."
lavague-ai/LaVague,6313,526928,"{'Python': 0.7017, 'JavaScript/TypeScript': 0.159}",https://github.com/lavague-ai/LaVague,Large Action Model framework to develop AI Web Agents
liftoff/GateOne,6306,4278616,"{'JavaScript/TypeScript': 0.5213, 'Python': 0.2735}",https://github.com/liftoff/GateOne,Gate One is an HTML5-powered terminal emulator and SSH client
alexazhou/VeryNginx,5998,213014,"{'JavaScript/TypeScript': 0.3356, 'Python': 0.1402}",https://github.com/alexazhou/VeryNginx," A very powerful and friendly  nginx base on lua-nginx-module( openresty ) which provide WAF, Control Panel, and Dashboards. "
spotify/pedalboard,5996,1404289,"{'C/C++': 0.6461, 'Python': 0.3225}",https://github.com/spotify/pedalboard,🎛 🔊 A Python library for audio.
apache/nifi,5995,64212881,"{'Java': 0.8519, 'JavaScript/TypeScript': 0.1115}",https://github.com/apache/nifi,Apache NiFi
opengoofy/hippo4j,5993,3764723,"{'Java': 0.7882, 'JavaScript/TypeScript': 0.0511}",https://github.com/opengoofy/hippo4j,"📌 异步线程池框架，支持线程池动态变更&监控&报警，无需修改代码轻松引入。Asynchronous thread pool framework, support Thread Pool Dynamic Change & monitoring & Alarm, no need to modify the code easily introduced."
androguard/androguard,5984,1443751,"{'Python': 0.8769, 'JavaScript/TypeScript': 0.0972}",https://github.com/androguard/androguard,Reverse engineering and pentesting for Android applications 
lesspass/lesspass,5984,417321,"{'JavaScript/TypeScript': 0.7267, 'Python': 0.2304}",https://github.com/lesspass/lesspass,:key: stateless open source password manager
google/physical-web,5982,670256,"{'Java': 0.59, 'Python': 0.056}",https://github.com/google/physical-web,The Physical Web: walk up and use anything
airweave-ai/airweave,5978,12621814,"{'Python': 0.7869, 'JavaScript/TypeScript': 0.1672}",https://github.com/airweave-ai/airweave,Open-source context retrieval layer for AI agents
tonyantony300/alt-sendme,5975,594839,"{'JavaScript/TypeScript': 0.6814, 'Rust': 0.2848}",https://github.com/tonyantony300/alt-sendme,"Send files and folders anywhere in the world without storing in cloud - any size, any format, no accounts, no restrictions."
xinliangnote/go-gin-api,5973,846736,"{'Go': 0.5977, 'JavaScript/TypeScript': 0.0998}",https://github.com/xinliangnote/go-gin-api,基于 Gin 进行模块化设计的 API 框架，封装了常用功能，使用简单，致力于进行快速的业务研发。比如，支持 cors 跨域、jwt 签名验证、zap 日志收集、panic 异常捕获、trace 链路追踪、prometheus 监控指标、swagger 文档生成、viper 配置文件解析、gorm 数据库组件、gormgen 代码生成工具、graphql 查询语言、errno 统一定义错误码、gRPC 的使用、cron 定时任务 等等。
gnuradio/gnuradio,5970,15835290,"{'C/C++': 0.663, 'Python': 0.2921}",https://github.com/gnuradio/gnuradio,GNU Radio – the Free and Open Software Radio Ecosystem
tbphp/gpt-load,5970,890404,"{'Go': 0.4881, 'JavaScript/TypeScript': 0.1359}",https://github.com/tbphp/gpt-load,Multi-channel AI proxy with intelligent key rotation. 智能密钥轮询的多渠道 AI 代理。
kuafuai/DevOpsGPT,5969,1224620,"{'JavaScript/TypeScript': 0.2261, 'Python': 0.1777}",https://github.com/kuafuai/DevOpsGPT,Multi agent system for AI-driven software development. Combine LLM with DevOps tools to convert natural language requirements into working software. Supports any development language and extends the existing code.
nilsherzig/LLocalSearch,5965,129235,"{'Go': 0.5378, 'JavaScript/TypeScript': 0.0625}",https://github.com/nilsherzig/LLocalSearch,LLocalSearch is a completely locally running search aggregator using LLM Agents. The user can ask a question and the system will use a chain of LLMs to find the answer. The user can see the progress of the agents and the final answer. No OpenAI or Google API keys are needed.
11cafe/jaaz,5963,1078169,"{'JavaScript/TypeScript': 0.6499, 'Python': 0.3375}",https://github.com/11cafe/jaaz,The world's first open-source multimodal creative assistant  This is a substitute for Canva and Manus that prioritizes privacy and is usable locally.
daijro/camoufox,5963,1677445,"{'C/C++': 0.5876, 'Python': 0.1643, 'JavaScript/TypeScript': 0.1634}",https://github.com/daijro/camoufox,🦊 Anti-detect browser
kubernetes-sigs/headlamp,5955,5006200,"{'JavaScript/TypeScript': 0.8337, 'Go': 0.1518}",https://github.com/kubernetes-sigs/headlamp,"A Kubernetes web UI that is fully-featured, user-friendly and extensible"
youtube/api-samples,5951,742923,"{'Java': 0.3383, 'PHP': 0.2274, 'Python': 0.2047, 'JavaScript/TypeScript': 0.1017}",https://github.com/youtube/api-samples,"Code samples for YouTube APIs, including the YouTube Data API, YouTube Analytics API, and YouTube Live Streaming API. The repo contains language-specific directories that contain the samples."
Dman95/SASM,5949,2459382,"{'Python': 0.739, 'C/C++': 0.1898}",https://github.com/Dman95/SASM,"SASM - simple crossplatform IDE for NASM, MASM, GAS and FASM assembly languages"
go-flutter-desktop/go-flutter,5941,320985,"{'Go': 0.6217, 'C/C++': 0.3783}",https://github.com/go-flutter-desktop/go-flutter,"Flutter on Windows, MacOS and Linux - based on Flutter Embedding, Go and GLFW."
katanemo/plano,5936,2029813,"{'Rust': 0.7247, 'Python': 0.1464, 'JavaScript/TypeScript': 0.1173}",https://github.com/katanemo/plano,"Plano is an AI-native proxy and data plane for agentic apps — with built-in orchestration, safety, observability, and smart LLM routing so you stay focused on your agents core logic."
databasus/databasus,5932,2940697,"{'Go': 0.7197, 'JavaScript/TypeScript': 0.2577}",https://github.com/databasus/databasus,"Databases backup tool (PostgreSQL, MySQL, MongoDB)"
hexgrad/kokoro,5930,142929,"{'JavaScript/TypeScript': 0.5151, 'Python': 0.4704}",https://github.com/hexgrad/kokoro,https://hf.co/hexgrad/Kokoro-82M
openai/openai-cs-agents-demo,5927,113296,"{'Python': 0.6035, 'JavaScript/TypeScript': 0.3827}",https://github.com/openai/openai-cs-agents-demo,Demo of a customer service use case implemented with the OpenAI Agents SDK
cuckoosandbox/cuckoo,5924,6626355,"{'JavaScript/TypeScript': 0.4682, 'Python': 0.3133}",https://github.com/cuckoosandbox/cuckoo,Cuckoo Sandbox is an automated dynamic malware analysis system
chainer/chainer,5922,8431295,"{'Python': 0.7629, 'C/C++': 0.2003}",https://github.com/chainer/chainer,A flexible framework of neural networks for deep learning
weaveworks/scope,5916,1916609,"{'Go': 0.6086, 'JavaScript/TypeScript': 0.2833}",https://github.com/weaveworks/scope,"Monitoring, visualisation & management for Docker & Kubernetes"
weibocom/motan,5907,2587155,"{'Java': 0.8959, 'JavaScript/TypeScript': 0.0557}",https://github.com/weibocom/motan,A cross-language remote procedure call(RPC) framework for rapid development of high performance distributed services.
voila-dashboards/voila,5905,485393,"{'Python': 0.4677, 'JavaScript/TypeScript': 0.2187}",https://github.com/voila-dashboards/voila,Voilà turns Jupyter notebooks into standalone web applications
lwthiker/curl-impersonate,5886,134729,"{'Python': 0.5002, 'C/C++': 0.0509}",https://github.com/lwthiker/curl-impersonate,curl-impersonate: A special build of curl that can impersonate Chrome & Firefox
netalertx/NetAlertX,5884,4228224,"{'Python': 0.4064, 'JavaScript/TypeScript': 0.3478, 'PHP': 0.1058}",https://github.com/netalertx/NetAlertX,"Centralized network visibility and continuous asset discovery.  Monitor devices, detect change, and stay aware across distributed networks."
MadcowD/ell,5875,786493,"{'Python': 0.6141, 'JavaScript/TypeScript': 0.3727}",https://github.com/MadcowD/ell,A language model programming library.
ledger/ledger,5872,3527784,"{'C/C++': 0.8576, 'Python': 0.0848}",https://github.com/ledger/ledger,Double-entry accounting system with a command-line reporting interface
PhilippC/keepass2android,5871,6209366,"{'Java': 0.376, 'C/C++': 0.0655}",https://github.com/PhilippC/keepass2android,Password manager app for Android
arvidn/libtorrent,5868,8146208,"{'C/C++': 0.9366, 'Python': 0.0502}",https://github.com/arvidn/libtorrent,an efficient feature complete C++ bittorrent implementation
jbeder/yaml-cpp,5861,4535808,"{'C/C++': 0.9262, 'Python': 0.0532}",https://github.com/jbeder/yaml-cpp,A YAML parser and emitter in C++
snailyp/gemini-balance,5858,1017827,"{'Python': 0.499, 'JavaScript/TypeScript': 0.235}",https://github.com/snailyp/gemini-balance,Gemini polling proxy service （gemini轮询代理服务）
fullstorydev/grpcui,5846,258844,"{'Go': 0.4343, 'JavaScript/TypeScript': 0.4193}",https://github.com/fullstorydev/grpcui,"An interactive web UI for gRPC, along the lines of postman"
tianocore/edk2,5839,111123692,"{'C/C++': 0.6783, 'Python': 0.0782}",https://github.com/tianocore/edk2,EDK II
CyberTimon/RapidRAW,5838,1949340,"{'JavaScript/TypeScript': 0.6084, 'Rust': 0.3501}",https://github.com/CyberTimon/RapidRAW,"A beautiful, non-destructive, and GPU-accelerated RAW image editor built with performance in mind."
Permify/permify,5829,2361742,"{'Go': 0.9289, 'JavaScript/TypeScript': 0.0579}",https://github.com/Permify/permify,"An open-source authorization as a service inspired by Google Zanzibar, designed to build and manage fine-grained and scalable authorization systems for any application. — Permify is now part of FusionAuth 🎉"
defold/defold,5822,45039586,"{'C/C++': 0.6121, 'Java': 0.0906}",https://github.com/defold/defold,"Defold is a completely free to use game engine for development of desktop, mobile and web games."
hound-search/hound,5818,750804,"{'JavaScript/TypeScript': 0.7032, 'Go': 0.2662}",https://github.com/hound-search/hound,Lightning fast code searching made easy
PBH-BTN/PeerBanHelper,5812,3128867,"{'Java': 0.6343, 'JavaScript/TypeScript': 0.187}",https://github.com/PBH-BTN/PeerBanHelper,"Automatically block unwanted, leeches and abnormal BT peers with support for customized and cloud rules.| BT 反吸血工具 - 自动封禁不受欢迎、吸血和异常的 BT 客户端，并支持自定义规则。支持 qB/qBEE/Deluge/BiglyBT/BitComet"
OSGeo/gdal,5794,96448264,"{'C/C++': 0.782, 'Python': 0.1802}",https://github.com/OSGeo/gdal,GDAL is an open source MIT licensed translator library for raster and vector geospatial data formats.
lambci/docker-lambda,5793,255432,"{'JavaScript/TypeScript': 0.1828, 'Go': 0.1826, 'Python': 0.1328, 'Java': 0.1021}",https://github.com/lambci/docker-lambda,Docker images and test runners that replicate the live AWS Lambda environment
r0x0r/pywebview,5785,591208,"{'Python': 0.7669, 'JavaScript/TypeScript': 0.165}",https://github.com/r0x0r/pywebview,"Build GUI for your Python program with JavaScript, HTML, and CSS"
ZoneMinder/zoneminder,5783,29921144,"{'PHP': 0.4067, 'JavaScript/TypeScript': 0.2243, 'C/C++': 0.076}",https://github.com/ZoneMinder/zoneminder,"ZoneMinder is a free, open source Closed-circuit television software application developed for Linux which supports IP, USB and Analog cameras. "
volcengine/OpenViking,5783,4184168,"{'Python': 0.8224, 'C/C++': 0.0885}",https://github.com/volcengine/OpenViking,"OpenViking is an open-source context database designed specifically for AI Agents(such as openclaw). OpenViking unifies the management of context (memory, resources, and skills) that Agents need through a file system paradigm, enabling hierarchical context delivery and self-evolving."
PaddlePaddle/PaddleClas,5782,3182559,"{'Python': 0.7876, 'C/C++': 0.1014}",https://github.com/PaddlePaddle/PaddleClas,A treasure chest for visual classification and recognition powered by PaddlePaddle
mininet/mininet,5781,404320,"{'Python': 0.7639, 'C/C++': 0.1244}",https://github.com/mininet/mininet,Emulator for rapid prototyping of Software Defined Networks
changmingxie/tcc-transaction,5780,1055606,"{'Java': 0.8603, 'JavaScript/TypeScript': 0.1155}",https://github.com/changmingxie/tcc-transaction,tcc-transaction是TCC型事务java实现
